NAME,POSTCODE,STREET,PLACES
SUMBAWANGA,55101,SUMBAWANGA,
SUMBAWANGA,55101,KASWEPEPE,
SUMBAWANGA,55101,MPASI,
SUMBAWANGA,55101,YESWE,
SUMBAWANGA,55101,KAMITA,
SUMBAWANGA,55101,TAMBASI,
SUMBAWANGA,55101,KATUMA,
SUMBAWANGA,55101,MBALIKA,
SUMBAWANGA,55101,HIJA,
SUMBAWANGA,55101,MAKUTANO,
SUMBAWANGA,55101,UFIPA,
SUMBAWANGA,55101,CHISICHA MFIPA,
SUMBAWANGA,55101,WAKUUNG'ANGA,
SUMBAWANGA,55101,ISACHI,
SUMBAWANGA,55101,KASONI,
SUMBAWANGA,55101,KIATU,
SUMBAWANGA,55101,KIMALAUNGA,
SUMBAWANGA,55101,KAPUFI,
SUMBAWANGA,55101,KATOLILE,
SUMBAWANGA,55101,MOMOKA,
SUMBAWANGA,55101,MTUMBUKA,
SUMBAWANGA,55101,KATUSA,
SUMBAWANGA,55101,NGALU,
IZIA,55102,HALMASHAURI,
IZIA,55102,IZIA,
IZIA,55102,MTONI,
IZIA,55102,MAKAZA,
IZIA,55102,MANZITISWE,
IZIA,55102,SHULE,
IZIA,55102,BANGWE,
IZIA,55102,MASIMBA,
IZIA,55102,KATI,
IZIA,55102,ZIMAMOTO,
IZIA,55102,U/NDEGE,
IZIA,55102,BURUDANI,
IZIA,55102,SOKO,
IZIA,55102,KAOZYA,
IZIA,55102,MBUGANI,
IZIA,55102,REGINAMUNDI,
IZIA,55102,YATIMA,
KATANDALA,55103,KATANDALA ‘C’,
KATANDALA,55103,KATANDALA ‘D’,
KATANDALA,55103,BOMANI,
KATANDALA,55103,BOMANI ‘B’,
KATANDALA,55103,MBIZI ‘C’,
KATANDALA,55103,MBIZI ‘B’,
KATANDALA,55103,COMUNITY CENTER,
KATANDALA,55103,JANGWANI,
KATANDALA,55103,NHC,
KATANDALA,55103,BOMANI,
KATANDALA,55103,SOKOMATOLA,
KATANDALA,55103,ANGLIKAN 'A',
KATANDALA,55103,ANGLIKAN 'B',
KATANDALA,55103,MBIZI ‘A’,
KATANDALA,55103,KATANDALA 'A',
KATANDALA,55103,KATANDALA 'B',
KATANDALA,55103,KASAKALAWE,
MALANGALI,55104,NYENGELE,
MALANGALI,55104,MUHAMA,
MALANGALI,55104,MJI MWEMA,
MALANGALI,55104,ISOFU,
MALANGALI,55104,"KILIMAHEWA ""A""",
MALANGALI,55104,"KILIMAHEWA ""B""",
MALANGALI,55104,KATINDI,
MALANGALI,55104,MALANGALI,
MALANGALI,55104,MAKAZI MAPYA,
KIZWITE,55105,SENTI,
KIZWITE,55105,KALANGASA,
KIZWITE,55105,MBUGANI,
KIZWITE,55105,KAWAMA,
KIZWITE,55105,BIBLE,
KIZWITE,55105,SOKOLO,
KIZWITE,55105,VUTA,
KIZWITE,55105,OTC,
KIZWITE,55105,NANTACHA,
KIZWITE,55105,NDUA,
KIZWITE,55105,MAJENGO,
KIZWITE,55105,KIZWITE,
KIZWITE,55105,TRM,
KIZWITE,55105,MAKWASA,
KIZWITE,55105,MTUMBUKA,
MAZWI,55106,RTC,
MAZWI,55106,TUKUYU,
MAZWI,55106,NHC,
MAZWI,55106,CLINIC,
MAZWI,55106,LWICHE,
MAZWI,55106,MSIKITINI,
MAZWI,55106,KIMITI,
MAZWI,55106,CHITEPO,
MAZWI,55106,LYANGALILE,
MAZWI,55106,NMC,
MAZWI,55106,ZAMBEZI,
MAZWI,55106,VIWANDA VIDOGO,
MAZWI,55106,MASHINE,
MAZWI,55106,MANDELA,
MAZWI,55106,KARUME,
MAZWI,55106,ITWELELE,
MAZWI,55106,NKASI,
MAZWI,55106,RURECU,
MAZWI,55106,MAJENGO,
MAJENGO,55107,MPONDA,
MAJENGO,55107,NAMABANGASA,
MAJENGO,55107,HIGHWAY,
MAJENGO,55107,MAJENGO ‘B’,
MAJENGO,55107,BWAWANI 'A',
MAJENGO,55107,BWAWANI B',
MAJENGO,55107,MAJENGO  'A',
MAJENGO,55107,MAJENGO  'C',
MAJENGO,55107,MAJENGO  'D',
MAJENGO,55107,MTAKUJA  'A',
MAJENGO,55107,MTAKUJA 'B',
MAJENGO,55107,KRISTU MFALME,
MAJENGO,55107,KALOLENI,
MAJENGO,55107,KING'OMBE,
CHANJI,55108,SOKODOGO,
CHANJI,55108,MIANZI,
CHANJI,55108,KAWAMA,
CHANJI,55108,CHANJI ‘A’,
CHANJI,55108,KICHANGANI,
CHANJI,55108,NAMTEKETA,
CHANJI,55108,NANKASI,
CHANJI,55108,KATI,
CHANJI,55108,BONDENI,
CHANJI,55108,BOMBANI,
CHANJI,55108,K/MAZOEZI,
CHANJI,55108,HALI YA HEWA,
CHANJI,55108,ST THERESIA,
CHANJI,55108,VODACOM,
CHANJI,55108,MKUYUNI,
NTENDO,55109,LUWA,NAMWELE
NTENDO,55109,LUWA,KANDE
NTENDO,55109,LUWA,MTUKULA
NTENDO,55109,LUWA,KATUKANYEZE
NTENDO,55109,LUWA,KING'OMBE 'A'
NTENDO,55109,LUWA,MTAKUJA
NTENDO,55109,LUWA,"KINGOMBE 'B"""
NTENDO,55109,LUWA,KATECHA
NTENDO,55109,LUWA,KATANDALA
NTENDO,55109,NTENDO,KITESI
NTENDO,55109,NTENDO,GALUGILA
NTENDO,55109,NTENDO,KING'OMBE
NTENDO,55109,NTENDO,MNAZI
NTENDO,55109,NTENDO,MTUMBUKA
NTENDO,55109,NTENDO,KATETE
NTENDO,55109,NTENDO,MKUYUNI
NTENDO,55109,NTENDO,KASU
NTENDO,55109,FYENGELEZYA,KATAI
NTENDO,55109,FYENGELEZYA,ONGWE
NTENDO,55109,FYENGELEZYA,ONDOKENI
NTENDO,55109,FYENGELEZYA,KALEMASHA
NTENDO,55109,FYENGELEZYA,MTAKUJA
NTENDO,55109,KANONDO,PITO
NTENDO,55109,KANONDO,NDULUI
NTENDO,55109,KANONDO,KATI
NTENDO,55109,KANONDO,MWENGE
NTENDO,55109,KANONDO,NDULU II
SENGA,55110,SENGA,KIFIFI
SENGA,55110,SENGA,ILEMBA
SENGA,55110,SENGA,MUVA
SENGA,55110,SENGA,KALOLENI
SENGA,55110,SENGA,MTAKUJA
SENGA,55110,KANKWALE,KING'OMBE
SENGA,55110,KANKWALE,MAMBA
SENGA,55110,KANKWALE,KASISIWE
SENGA,55110,KANKWALE,KACHESE
SENGA,55110,KANKWALE,USHIRIKA
SENGA,55110,KANKWALE,LWICHE
SENGA,55110,KANKWALE,MALUMBILI
SENGA,55110,KANKWALE,UZUNGUNI
SENGA,55110,WIPANGA,WASAMBO  'A'
SENGA,55110,WIPANGA,WASAMBO  'B'
SENGA,55110,WIPANGA,KONKOLA
SENGA,55110,WIPANGA,ONDOKENI
SENGA,55110,WIPANGA,TIMBU
SENGA,55110,WIPANGA,NATOKA
MILANZI,55111,MLANDA B,TAFULA
MILANZI,55111,MLANDA B,KAFIMA
MILANZI,55111,MLANDA B,KATETE
MILANZI,55111,MLANDA B,KISA
MILANZI,55111,MLANDA B,MLIMANI
MILANZI,55111,MLANDA B,MBITA
MILANZI,55111,MLANDA B,NKOLE
MILANZI,55111,MLANDA B,KINTAKWA
MILANZI,55111,MILANZI,ILAMBILA
MILANZI,55111,MILANZI,KATETE
MILANZI,55111,MILANZI,MLANGALUA ASILI
MILANZI,55111,MILANZI,KATONGWA
MILANZI,55111,MILANZI,SENGA
MILANZI,55111,MILANZI,MISESE
MILANZI,55111,MILANZI,KILANGALA
MILANZI,55111,MILANZI,KASISIWE
MILANZI,55111,NAMBOGO,KIWELE
MILANZI,55111,NAMBOGO,WASIMBA
MILANZI,55111,NAMBOGO,MAKUTANO
MILANZI,55111,NAMBOGO,NADOFYA
MILANZI,55111,NAMBOGO,CHILUKA
MILANZI,55111,NAMBOGO,NAMATANDA
KASENSE,55112,KASENSE,TALA
KASENSE,55112,KASENSE,MWENGE
KASENSE,55112,KASENSE,NAKUPAMBA
KASENSE,55112,KASENSE,NAUPANGALA
KASENSE,55112,KASENSE,NKASHA
KASENSE,55112,KASENSE,MOMBO
KASENSE,55112,CHIPU,SESELA
KASENSE,55112,CHIPU,MSONGWA
KASENSE,55112,CHIPU,KASEKELA
KASENSE,55112,CHIPU,WINGI
KASENSE,55112,CHIPU,KATANDALA
KASENSE,55112,CHIPU,MWANGA
KASENSE,55112,CHIPU,KOPELA
KASENSE,55112,CHIPU,KAMALAWI
KASENSE,55112,MTIMBWA,KIBOLYE
KASENSE,55112,MTIMBWA,KING'OMBE
KASENSE,55112,MTIMBWA,MAJENGO
KASENSE,55112,MTIMBWA,MBALA
KASENSE,55112,MTIMBWA,KALOLE
KASENSE,55112,MTIMBWA,MAGOMENI
KASENSE,55112,MTIMBWA,KAMSISI
KASENSE,55112,MTIMBWA,TYULA
KASENSE,55112,MTIMBWA,LYACHITALA
KASENSE,55112,MTIMBWA,ILAMBILA
KASENSE,55112,MTIMBWA,NAKATETE
KASENSE,55112,MTIMBWA,MAWENI
KASENSE,55112,MTIMBWA,MAWENZUSI
KASENSE,55112,MTIMBWA,KATI
KASENSE,55112,MTIMBWA,LANDANI
KASENSE,55112,MTIMBWA,BANGWE
KASENSE,55112,MTIMBWA,DAFCO
KASENSE,55112,MTIMBWA,SENKENYA
KASENSE,55112,MTIMBWA,JANGWANI
KASENSE,55112,MTIMBWA,KATI
KASENSE,55112,MTIMBWA,NDUA
KASENSE,55112,MTIMBWA,IBONDE
KASENSE,55112,MTIMBWA,YELUSALEM
KASENSE,55112,MTIMBWA,NKOKWA
KASENSE,55112,MTIMBWA,ISESA
KASENSE,55112,MTIMBWA,MTAKUJA
KASENSE,55112,MTIMBWA,MAGOMENI
KASENSE,55112,MTIMBWA,LUSANZI
KASENSE,55112,MTIMBWA,AMANI
KASENSE,55112,MTIMBWA,NEWLAND
KASENSE,55112,MTIMBWA,UTENGULE
KASENSE,55112,MTIMBWA,TANKI
KASENSE,55112,MTIMBWA,GHALA
KASENSE,55112,MTIMBWA,BANGWE 'A'
KASENSE,55112,MTIMBWA,BANGWE 'B'
KASENSE,55112,MTIMBWA,MKASA
KASENSE,55112,MTIMBWA,MAKUKA
KASENSE,55112,MTIMBWA,CHASI
KASENSE,55112,MTIMBWA,KINAMWANGA
MOLLO,55113,MALONJE,MAWENI
MOLLO,55113,MALONJE,MAWENZUSI
MOLLO,55113,MALONJE,KATI
MOLLO,55113,MALONJE,LANDANI
MOLLO,55113,MALONJE,BANGWE
MOLLO,55113,ULINJI,DAFCO
MOLLO,55113,ULINJI,SENKENYA
MOLLO,55113,ULINJI,JANGWANI
MOLLO,55113,ULINJI,KATI
MOLLO,55113,ULINJI,NDUA
MOLLO,55113,ULINJI,IBONDE
MOLLO,55113,ISESA,YELUSALEM
MOLLO,55113,ISESA,NKOKWA
MOLLO,55113,ISESA,ISESA
MOLLO,55113,ISESA,MTAKUJA
MOLLO,55113,ISESA,MAGOMENI
MOLLO,55113,ISESA,LUSANZI
MOLLO,55113,ISESA,AMANI
MOLLO,55113,ISESA,NEWLAND
MOLLO,55113,MAWENZUSI,UTENGULE
MOLLO,55113,MAWENZUSI,TANKI
MOLLO,55113,MAWENZUSI,GHALA
MOLLO,55113,MAWENZUSI,BANGWE 'A'
MOLLO,55113,MAWENZUSI,BANGWE 'B'
MOLLO,55113,MAWENZUSI,MKASA
MOLLO,55113,MAWENZUSI,MAKUKA
MOLLO,55113,MAWENZUSI,CHASI
MOLLO,55113,MAWENZUSI,KINAMWANGA
MATANGA,55114,MATANGA,KALOLENI
MATANGA,55114,MATANGA,MKUYUNI
MATANGA,55114,MATANGA,MASOMO
MATANGA,55114,MATANGA,MALENGWA
MATANGA,55114,MATANGA,NATENE 'A'
MATANGA,55114,MATANGA,NATENE 'B'
MATANGA,55114,MATANGA,KIKOMA 'A'
MATANGA,55114,MATANGA,KIKOMA 'B'
MATANGA,55114,KISUMBA,NALILIWA
MATANGA,55114,KISUMBA,NGULUMO
MATANGA,55114,KISUMBA,MALWILO
MATANGA,55114,KISUMBA,NAKUPAMBA
MATANGA,55114,KISUMBA,MWENE KAPUFI
MATANGA,55114,KISUMBA,SUWENDA
MATANGA,55114,KISUMBA,ZAHANATI
MATANGA,55114,CHELENGANYA,KAMETENJE
MATANGA,55114,CHELENGANYA,MBULO
MATANGA,55114,CHELENGANYA,LYANGALILE
MATANGA,55114,CHELENGANYA,MAJENGO
MATANGA,55114,CHELENGANYA,SONGABELE
MATANGA,55114,CHELENGANYA,MATULA
MATANGA,55114,CHELENGANYA,MASIPA
PITO,55115,KATUMBA AZIMIO,GODAUNI
PITO,55115,KATUMBA AZIMIO,ZANZIBAR
PITO,55115,KATUMBA AZIMIO,KILOMBERO
PITO,55115,KATUMBA AZIMIO,RC
PITO,55115,KATUMBA AZIMIO,CCM
PITO,55115,KATUMBA AZIMIO,DALINI
PITO,55115,KATUMBA AZIMIO,MTAKUJA
PITO,55115,TAMASENGA,MPWITA
PITO,55115,TAMASENGA,KAFICHONI
PITO,55115,TAMASENGA,NANDEKA
PITO,55115,TAMASENGA,MICHECHE
PITO,55115,TAMASENGA,WASUKASUKA
PITO,55115,TAMASENGA,NSELWA
PITO,55115,TAMASENGA,MALGANO-NTUCHI
PITO,55115,TAMASENGA,KATECHA
PITO,55115,TAMASENGA,GALILAYA
PITO,55115,TAMASENGA,GODOWN
PITO,55115,MALAGANO,NAWIMI
PITO,55115,MALAGANO,KAMWELA
PITO,55115,MALAGANO,IPEPA
PITO,55115,MALAGANO,MIPUTU
PITO,55115,MALAGANO,MOVU
PITO,55115,MALAGANO,KAWANDO
PITO,55115,MALAGANO,LWICHE
PITO,55115,PITO,ITISWE
PITO,55115,PITO,LYANGALUA
PITO,55115,PITO,NANKA
PITO,55115,PITO,TUMBUNWE
PITO,55115,PITO,MPOTO
PITO,55115,PITO,MISHENI
MAFULALA,55116,MAFULALA,
MAFULALA,55116,K.K.K.T,
MAFULALA,55116,TANESCO,
MAFULALA,55116,SIDO,
MAFULALA,55116,MALECHELA,
MAFULALA,55116,TRANSFOMA,
MAFULALA,55116,NKANA,
MAFULALA,55116,KANISA,
MAFULALA,55116,JOLA,
MAFULALA,55116,MADUKA,
MAFULALA,55116,MOMOKA,
MAFULALA,55116,SEKONDARI,
MSUA,55117,MSUA,
MSUA,55117,MAWENI,
MSUA,55117,CHEMCHEM,
MSUA,55117,CHEMKA,
MSUA,55117,KING’OMBE,
MSUA,55117,KISIWANI,
MSUA,55117,KILIMANI,
MSUA,55117,MZEE NYANYA,
MSUA,55117,SHULE,
MSUA,55117,FR. LUKA,
MSUA,55117,KICHANGANI,
MSUA,55117,MALINGA,
MSUA,55117,MAWENI,
MOMOKA,55118,KASHAI,
MOMOKA,55118,RETCO,
MOMOKA,55118,EDENI  ‘A’,
MOMOKA,55118,EDENI  ‘B’,
MOMOKA,55118,MTAKUMBUKA,
LWICHE,55119,UTENGULE,
LWICHE,55119,LWICHE,
LWICHE,55119,SHENGETELA,
LWICHE,55119,KAUNGWA,
LWICHE,55119,MAJUMBASITA,
LWICHE,55119,KATAI,
LWICHE,55119,KAFUMBUSI,
LWICHE,55119,MAGOMENI,
LAELA,55201,MAGOMENI,LAELA
LAELA,55201,MAGOMENI,KASAKALAWE
LAELA,55201,MAGOMENI,KIVUKOMTETA
LAELA,55201,MAGOMENI,KANATONDWE
LAELA,55201,MAGOMENI,MALAMBO
LAELA,55201,MAGOMENI,POSTA
LAELA,55201,MAGOMENI,POKOPOKO
LAELA,55201,MAGOMENI,KATAMULONDO
LAELA,55201,MAGOMENI,KIPANDE
LAELA,55201,MAGOMENI,KIWANDA
LAELA,55201,MAGOMENI,KATONTO
LAELA,55201,MAGOMENI,MTUNYU
LAELA,55201,MAGOMENI,MTINDILO
LAELA,55201,MAGOMENI,CHUNYA
LAELA,55201,MAGOMENI,VUTA
LAELA,55201,MAGOMENI,MWANGA
LAELA,55201,MAGOMENI,KAMYALILE
LAELA,55201,MAGOMENI,MAPOROMOKO
LAELA,55201,MAGOMENI,NDELEMA
KAENGESA,55202,KAENGESA A,KAWALA “A”
KAENGESA,55202,KAENGESA A,KAWALA “B”
KAENGESA,55202,KAENGESA A,MAJENGO
KAENGESA,55202,KAENGESA A,KALEMASHA
KAENGESA,55202,LYAPONA,ILAMBILA
KAENGESA,55202,LYAPONA,BANGWE
KAENGESA,55202,LYAPONA,KAFUNDO
KAENGESA,55202,LYAPONA,MTAZYA
KAENGESA,55202,MKUNDA,MSOKO
KAENGESA,55202,MKUNDA,SENGA
KAENGESA,55202,MKUNDA,KIPOKO
KAENGESA,55202,MKUNDA,KAZIMWANDA
KAENGESA,55202,MKUNDA,MSISHINDWE
KAENGESA,55202,LTELA,ITELA
KAENGESA,55202,LTELA,ITETEMYA
KAENGESA,55202,LTELA,MULANONDO
KAENGESA,55202,KAENGESA B,MPONA
KAENGESA,55202,KAENGESA B,MLANDIZI
KAENGESA,55202,KAENGESA B,MAGOMENI
MPUI,55203,MPUI A,MPUI KATI
MPUI,55203,MPUI A,BUTIAMA
MPUI,55203,MPUI A,KAMNYALILE
MPUI,55203,MPUI A,MIAKASI
MPUI,55203,ILEMBO,KALEKETE
MPUI,55203,ILEMBO,ILEMBO KATI
MPUI,55203,ILEMBO,TUKUMA
MPUI,55203,ILEMBO,MANWAKALA
MPUI,55203,NTUMBI,NTUMBI KATI
MPUI,55203,NTUMBI,NKUKWA
MPUI,55203,NTUMBI,MALAPWA
MPUI,55203,NTUMBI,KUNGWE
MPUI,55203,MPUI B,MANTAKIA
MPUI,55203,MPUI B,ILALA
MPUI,55203,MPUI B,MOROGORO
MPUI,55203,MPUI B,BANGWE
MPUI,55203,MKIMA,NANKANGA
MPUI,55203,MKIMA,KASINGA
MPUI,55203,KAPEWA,KAPOKA
MPUI,55203,KAPEWA,KWELA
MPUI,55203,MTETEZI,IKOZI
MPUI,55203,MTETEZI,IVUKUTWA
SANDULULA,55204,SANDULULA,MLINGA
SANDULULA,55204,SANDULULA,MWATI
SANDULULA,55204,SANDULULA,MAWENI
SANDULULA,55204,SANDULULA,ISUKU
SANDULULA,55204,MUMBA,KAMBAUTWA
SANDULULA,55204,MUMBA,CHUNGWE
SANDULULA,55204,MUMBA,MUMBAKATI
SANDULULA,55204,JANGWANI,PANTA
SANDULULA,55204,JANGWANI,MLIMANI
SANDULULA,55204,JANGWANI,MTAKUJA
SANDULULA,55204,JANGWANI,MNADANI
SANDULULA,55204,JANGWANI,KATI
SANDULULA,55204,KALOLE,KANCHO
SANDULULA,55204,KALOLE,VISELA
SANDULULA,55204,KALOLE,KALOLE
SANDULULA,55204,KALOLE,KAMINALA
SANDULULA,55204,KALOLE,TULAMBWE
KALAMBANZITE,55205,KALAMBAZITE,NAMPUZI
KALAMBANZITE,55205,KALAMBAZITE,IPANGA
KALAMBANZITE,55205,KALAMBAZITE,NINDE
KALAMBANZITE,55205,KALAMBAZITE,KALAMBAZITE
KALAMBANZITE,55205,MLECHE,KASINGA
KALAMBANZITE,55205,MLECHE,KAPOKA
KALAMBANZITE,55205,MLECHE,KWELA
KALAMBANZITE,55205,MLECHE,IKOZI
KALAMBANZITE,55205,KILEMBO,KASAMVU
KALAMBANZITE,55205,KILEMBO,NAKUPATA
KALAMBANZITE,55205,KILEMBO,KIMBILI
KALAMBANZITE,55205,KILEMBO,ITALA
KALAMBANZITE,55205,MSHANI,KISA
KALAMBANZITE,55205,MSHANI,MAJENGO
KALAMBANZITE,55205,MSHANI,NANDEKA
KALAMBANZITE,55205,MSHANI,KALAMBO
KALAMBANZITE,55205,MLOMBO,MLOMBO
KALAMBANZITE,55205,MLOMBO,KIPOMA
KALAMBANZITE,55205,MLOMBO,MSINE
MILEPA,55206,MILEPA,MANENGWE
MILEPA,55206,MILEPA,NIWE
MILEPA,55206,MILEPA,MBULU
MILEPA,55206,MILEPA,MWILA
MILEPA,55206,MILEPA,MILEPA
MILEPA,55206,KINAMBO,LUNDI
MILEPA,55206,KINAMBO,UNYELE
MILEPA,55206,KINAMBO,KANYALA
MILEPA,55206,KINAMBO,KINAMBO
MILEPA,55206,MAYENJE,CHIKOMA
MILEPA,55206,MAYENJE,KALEMBO
MILEPA,55206,MAYENJE,NSONGOLE
MILEPA,55206,KISA,KALOLE
MILEPA,55206,KISA,MISUFINI
MILEPA,55206,KISA,KISULO
MILEPA,55206,KISA,MASISI
MILEPA,55206,KISA,KISA
MILEPA,55206,KISA,NGALA
MILEPA,55206,TALANDA,KAKOMA
MILEPA,55206,TALANDA,NAMATEMBA
MILEPA,55206,MSIA,NZOVWE
MILEPA,55206,MSIA,KALELELYA
MILEPA,55206,MSIA,NTAPI
MILEPA,55206,MSIA,NINGA
MTOWISA,55207,MTOWISA A,MTOWISA A
MTOWISA,55207,MTOWISA A,ICHESE
MTOWISA,55207,MTOWISA A,MTOWISA KATI
MTOWISA,55207,MTOWISA A,DODOMA
MTOWISA,55207,MTOWISA A,KATAMBALA
MTOWISA,55207,SONTAUKIA,MAJENGO
MTOWISA,55207,SONTAUKIA,KATINDI
MTOWISA,55207,SONTAUKIA,KICHANGANI
MTOWISA,55207,SONTAUKIA,SONTAUKIA
MTOWISA,55207,MTOWISA B,RANCHI
MTOWISA,55207,MTOWISA B,MADUKANI
MTOWISA,55207,MTOWISA B,ILOLESHA
MTOWISA,55207,MTOWISA B,MTETEZI
MTOWISA,55207,MTOWISA B,ILEMELA
MTOWISA,55207,MTOWISA B,NAMALAWI
MTOWISA,55207,MTOWISA B,KATANDALA
MTOWISA,55207,MTOWISA B,MWELA
MTOWISA,55207,NG'ONGO,MWANGA
MTOWISA,55207,NG'ONGO,LWIZI
MTOWISA,55207,NG'ONGO,NG'ONGO
MTOWISA,55207,KIFINGA,KIFINGA
MTOWISA,55207,KIFINGA,KAKOA
MTOWISA,55207,KIFINGA,KASISI
MTOWISA,55207,KIFINGA,MTUKULA
MTOWISA,55207,MKAMBA,SOFWA
MTOWISA,55207,MKAMBA,CHANDA
MTOWISA,55207,MKAMBA,MUNDWE
MTOWISA,55207,MKAMBA,MTETEZE
MTOWISA,55207,MKAMBA,KALOLE
MTOWISA,55207,MKAMBA,MWANGA
MTOWISA,55207,MKAMBA,KISITU
MTOWISA,55207,MKAMBA,MBUYUNI
MTOWISA,55207,MKAMBA,KINDUMBA
MTOWISA,55207,MKAMBA,MTIRI
MTOWISA,55207,MKAMBA,KALOLENI
MUZE,55208,MUZE,MAJENGO
MUZE,55208,MUZE,UKANDA WA ZIWA A
MUZE,55208,MUZE,NAOMBA
MUZE,55208,MUZE,MUZE
MUZE,55208,UZIA,ILAMBILA
MUZE,55208,UZIA,MKANYAGENI
MUZE,55208,MBWILO,MISUNKUMILO
MUZE,55208,MBWILO,TYULA
MUZE,55208,KIZUNGU,MAMBA
MUZE,55208,KIZUNGU,KANDALE
MUZE,55208,KIZUNGU,MAKUTANO
MUZE,55208,KIZUNGU,MAJENGO
MUZE,55208,ILANGA,ILANGA
MUZE,55208,ILANGA,MTAKUJA
MUZE,55208,ILANGA,MASATUSE
MUZE,55208,KALAKALA,UKANDA WA ZIWA B
MUZE,55208,KALAKALA,MKAMANYE
MUZE,55208,KALAKALA,KAPILIKA
MUZE,55208,ISANGWA,KANWANKONKO
MUZE,55208,ISANGWA,MAPOKO
MUZE,55208,ISANGWA,NDEPUKE
MUZE,55208,ISANGWA,KAMOKO
LUSAKA,55209,LUSAKA,KAMUWA
LUSAKA,55209,LUSAKA,CHOKOMA
LUSAKA,55209,LUSAKA,KAWALA
LUSAKA,55209,LOWE,MSUNDA
LUSAKA,55209,LOWE,MZIMULA
LUSAKA,55209,LOWE,MWAYA
LUSAKA,55209,LOWE,MSUNDA
LUSAKA,55209,LOWE,LYANINGA
LUSAKA,55209,KIZUMBI,KOMBA
LUSAKA,55209,KIZUMBI,MAKALA
LUSAKA,55209,KIZUMBI,NGOMENI
LUSAKA,55209,KIZUMBI,KIYALE
LUSAKA,55209,KIZUMBI,CHOLWA
LUSAKA,55209,MPEMBANO,KENYA
LUSAKA,55209,MPEMBANO,MSUZU
LUSAKA,55209,MPEMBANO,TUPA
LUSAKA,55209,MPEMBANO,NAKASOWA
LUSAKA,55209,MPEMBANO,NTAWA
LUSAKA,55209,MPEMBANO,MPEMBENO
LUSAKA,55209,MPEMBANO,MBALAMWENE
LUSAKA,55209,MPEMBANO,CHAMBA
LUSAKA,55209,MPEMBANO,IZUMA
LUSAKA,55209,MPEMBANO,PASILE
LUSAKA,55209,MPEMBANO,NSELELO
LUSAKA,55209,MPEMBANO,MKULUKULU
LUSAKA,55209,MPEMBANO,MAJENGO
KIPETA,55210,KIPETA,KIPETA KATI
KIPETA,55210,KIPETA,MMUYU
KIPETA,55210,KIPETA,NG’ONGO
KIPETA,55210,KIPETA,KANYALA
KIPETA,55210,KIPETA,NGOLA
KIPETA,55210,KIPETA,KITUKU KATI
KIPETA,55210,KILYAMATUNDU,KILYAMATUNDU
KIPETA,55210,KILYAMATUNDU,LUPANGA
KIPETA,55210,KILYAMATUNDU,TEWETE
KIPETA,55210,KILYAMATUNDU,MAJENGO
KIPETA,55210,KILYAMATUNDU,KATI
KIPETA,55210,LEGEZA,SENGA
KIPETA,55210,LEGEZA,NAUCHESE
KIPETA,55210,MPONA,CHAMWANA
KIPETA,55210,MPONA,NAMASHETE
KIPETA,55210,MPONA,MBAYA
KIPETA,55210,MPONA,MAGOMA
KIPETA,55210,KIRANDO,LUDEWA
KIPETA,55210,KIRANDO,NAMAVYONGA
KAOZE,55211,KAOZE,NANZOVU
KAOZE,55211,KAOZE,CHIKULWE
KAOZE,55211,KAOZE,MSAWIZI
KAOZE,55211,KAOZE,NSAVYA
KAOZE,55211,KAOZE,MPILIMA
KAOZE,55211,TULULU,CHANG’OMBE
KAOZE,55211,TULULU,MSANGANA
KAOZE,55211,TULULU,TULULU
KAOZE,55211,CHOMBE,KIPALA
KAOZE,55211,CHOMBE,CHIPA
KAOZE,55211,CHOMBE,KALAMBO
KAOZE,55211,CHOMBE,MWITU
KAOZE,55211,CHOMBE,MTAPENDA
KAOZE,55211,CHOMBE,CHOMBE
KAOZE,55211,KIANDAIGONDA,KIANDAIGONDA A
KAOZE,55211,KIANDAIGONDA,KIANDAIGONDA B
KAOZE,55211,KIANDAIGONDA,CHITE A
KAOZE,55211,KIANDAIGONDA,CHITE B
KAOZE,55211,KIANDAIGONDA,CHANG'OMBE A
KAOZE,55211,KIANDAIGONDA,CHANG'OMBE B
KAOZE,55211,KIANDAIGONDA,CHAMENJE
KAOZE,55211,KIANDAIGONDA,KASUNGU
KAOZE,55211,KIANDAIGONDA,KIKULWE
KAOZE,55211,KIANDAIGONDA,MSOPA
KAOZE,55211,KIANDAIGONDA,MPASAJI
KAOZE,55211,KIANDAIGONDA,KIZULE
MIANGALUA,55212,MIANGALUA,IZOMO
MIANGALUA,55212,MIANGALUA,MATIMBA
MIANGALUA,55212,MIANGALUA,KAFULAMKOWE
MIANGALUA,55212,MIANGALUA,KATI
MIANGALUA,55212,MIANGALUA,MIANGALUA
MIANGALUA,55212,TUNKO,CHITINDI
MIANGALUA,55212,TUNKO,MPALALA
MIANGALUA,55212,TUNKO,TUNKO
MIANGALUA,55212,TUNKO,CHITOWA
MIANGALUA,55212,MOVU,NANSAMA
MIANGALUA,55212,MOVU,NTENDO
MIANGALUA,55212,MOVU,ITUKULA
MIANGALUA,55212,MKOWE,NANSAMA
MIANGALUA,55212,MKOWE,NTENDO
MIANGALUA,55212,MKOWE,ITUKULA
MIANGALUA,55212,MKOWE,MOVU
MIANGALUA,55212,MKOWE,ISANGO
MIANGALUA,55212,KAVIFUTI,MIANGA
MIANGALUA,55212,KAVIFUTI,CHAFUMA
MIANGALUA,55212,KAVIFUTI,KELENGE
MIANGALUA,55212,KAVIFUTI,MATIMBA
MIANGALUA,55212,NAMPAKO,NACHITONTO
MIANGALUA,55212,NAMPAKO,NAMPAKO
MIANGALUA,55212,NAMPAKO,KASOTE
MIANGALUA,55212,NAMPAKO,KIVUKO
MIANGALUA,55212,KAMSAMBA,KAMSAMBA
MIANGALUA,55212,KAMSAMBA,IZOMBO
ILEMBA,55213,ILEMBA A,MKANGA
ILEMBA,55213,ILEMBA A,MWEMBEMMOJA
ILEMBA,55213,KASWEPA,KASWEPA
ILEMBA,55213,KASWEPA,KAPATA
ILEMBA,55213,KASWEPA,MAJENGO
ILEMBA,55213,SAKALILO,MULU
ILEMBA,55213,SAKALILO,MANDA
ILEMBA,55213,SAKALILO,KALEKETE
ILEMBA,55213,SAKALILO,ISANGA
ILEMBA,55213,ILEMBA B,CHANJI
ILEMBA,55213,ILEMBA B,TUWI
ILEMBA,55213,ILEMBA B,MAKOTO
ILEMBA,55213,ILEMBA B,KAMBAUWANDA
ILEMBA,55213,ILEMBA B,KAMPOMBO
ILEMBA,55213,LYANZA,KALAMBO
ILEMBA,55213,LYANZA,MILIMANI
ILEMBA,55213,LYANZA,LYANZA KATI
NANKANGA,55214,NANKANGA,UHURU
NANKANGA,55214,NANKANGA,NAZARETH
NANKANGA,55214,NANKANGA,CHIKAMBA
NANKANGA,55214,NANKANGA C,MTAKUJA
NANKANGA,55214,NANKANGA C,CHANG'OMBE
NANKANGA,55214,NANKANGA C,VUMA
NANKANGA,55214,SOLOLA,SOLOLA KATI
NANKANGA,55214,SOLOLA,INTAKE
KAPENTA,55215,MKUSI,MTUNDWE
KAPENTA,55215,MKUSI,MSANZA
KAPENTA,55215,MKUSI,KIKONDE
KAPENTA,55215,NGOMENI,MKUMBULULE
KAPENTA,55215,NGOMENI,MKANGELE
KAPENTA,55215,KAWILA,MAZINJI B
KAPENTA,55215,KAWILA,KAWILA
KAPENTA,55215,KAPENTA,NTUMBI
KAPENTA,55215,KAPENTA,MALAWI
KAPENTA,55215,KAPENTA,KAPASA
KAPENTA,55215,KAPENTA,MAZINJI
KAPENTA,55215,KAPENTA,NGOI
KAPENTA,55215,NSANGA,KAULA
KAPENTA,55215,NSANGA,KAFULA
KAPENTA,55215,NSANGA,KALONJE
KAPENTA,55215,LIWELYAMVULA,NGOMENI
KAPENTA,55215,LIWELYAMVULA,NAMINGONGO
KILANGAWANA,55216,MALEZA,ULUNDO
KILANGAWANA,55216,MALEZA,MSOMANTEMBO
KILANGAWANA,55216,MALEZA,MWENEMTOLO
KILANGAWANA,55216,MALEZA,NKAMBA
KILANGAWANA,55216,MALEZA,KAPYAMSANYA
KILANGAWANA,55216,MALEZA,NANGOLI
KILANGAWANA,55216,MALEZA,MAOMBWE
KILANGAWANA,55216,KILANGAWANA,TUKUYU
KILANGAWANA,55216,KILANGAWANA,MABATINI
KILANGAWANA,55216,KILANGAWANA,MPAKANI
KILANGAWANA,55216,KILANGAWANA,MOVU
KILANGAWANA,55216,KILANGAWANA,MJINI
KILANGAWANA,55216,KILANGAWANA,KILANGAWANA
KILANGAWANA,55216,MPANDE,KALOLENI
KILANGAWANA,55216,MPANDE,SOWETO
KILANGAWANA,55216,ILAMBO,MTUKULA
KILANGAWANA,55216,ILAMBO,ELNINO
KILANGAWANA,55216,ILAMBO,MABATINI
KILANGAWANA,55216,ILAMBO,MAJENGO
KILANGAWANA,55216,ILAMBO,CHANG’OMBE
KILANGAWANA,55216,ILAMBO,ISINIZYA
ZIMBA,55217,ZIMBA,IYUNGA
ZIMBA,55217,ZIMBA,MISSION
ZIMBA,55217,ZIMBA,GODAWN
ZIMBA,55217,ZIMBA,MBUYUNI
ZIMBA,55217,ZIMBA,MABATINI
ZIMBA,55217,MISSION,NAMWELE
ZIMBA,55217,MISSION,MAJENGO
ZIMBA,55217,MISSION,MALOTO
ZIMBA,55217,LWANJI,NDULULU
ZIMBA,55217,LWANJI,LWANJI
ZIMBA,55217,LWANJI,MTAKUJA
ZIMBA,55217,LWANJI,KATANGA
ZIMBA,55217,KANYALA,KANYALA
ZIMBA,55217,KANYALA,KIKONKO
KALUMBALEZA,55218,KALUMBALEZA A,KILAMBWA
KALUMBALEZA,55218,KALUMBALEZA A,MASISHE
KALUMBALEZA,55218,KALUMBALEZA A,KIKOKO
KALUMBALEZA,55218,KALUMBALEZA A,KALOLENI
KALUMBALEZA,55218,KALUMBALEZA B,MIEMBENI
KALUMBALEZA,55218,KALUMBALEZA B,MIKUYUNI
KALUMBALEZA,55218,KALUMBALEZA B,KATOO
KALUMBALEZA,55218,KALUMBALEZA B,MAKALA
KALUMBALEZA,55218,MNAZIMMOJA,MNAZIMMOJA
KALUMBALEZA,55218,MNAZIMMOJA,MLIA
KALUMBALEZA,55218,MNAZIMMOJA ASILIA,MNAZIMMOJA KATI
KALUMBALEZA,55218,MNAZIMMOJA ASILIA,KASISI
KALUMBALEZA,55218,MNAZIMMOJA ASILIA,KASINGA
KALUMBALEZA,55218,MNAZIMMOJA ASILIA,INDOO
MFINGA,55219,MFINGA,KIZUMBI
MFINGA,55219,MFINGA,MWENGE
MFINGA,55219,MFINGA,KIKWALE
MFINGA,55219,MFINGA,MITOBO A
MFINGA,55219,MFINGA,KIPENZI
MFINGA,55219,MFINGA,KAVUU
MFINGA,55219,MFINGA,KIKOKO
MFINGA,55219,KASEKELA,KIKU
MFINGA,55219,KASEKELA,KALA
MFINGA,55219,KASEKELA,MTUKULA
MFINGA,55219,KASEKELA,MITOBO
MFINGA,55219,KASEKELA,KASEKELA
MFINGA,55219,MSILA,MTAKUJA
MFINGA,55219,MSILA,KAVUU
MWADUI,55220,MPETE,MAKWANGU
MWADUI,55220,MPETE,ITIMBA
MWADUI,55220,MPETE,NAMAMBA
MWADUI,55220,KIPA,KAMCHANGA
MWADUI,55220,KIPA,ZIWANI
MWADUI,55220,NKWILO,IPILULA
MWADUI,55220,NKWILO,LUSANDO
MWADUI,55220,NKWILO,MATETE
MWADUI,55220,NKWILO,KITENU
MWADUI,55220,NKWILO,KIKWALE
MWADUI,55220,NKWILO,MPAKANI
MWADUI,55220,KATOO,MASHETE
MWADUI,55220,KATOO,MADOKO
MWADUI,55220,KATOO,KIJIWENI
MWADUI,55220,MTAPENDA,KASTAMU
MWADUI,55220,MTAPENDA,KIZUMBI
MWADUI,55220,MWADUI,SONGAMBELE
MWADUI,55220,MWADUI,KILIMAHEWA
IKOZI,55221,IKOZI,IKOZI KATI A
IKOZI,55221,IKOZI,KISALALA
IKOZI,55221,KAZWILA,KALOLENI
IKOZI,55221,KAZWILA,LEGEZAMWENDO
IKOZI,55221,KAZWILA,KIVUKO
IKOZI,55221,CHITUO,NAMKWEZA
IKOZI,55221,CHITUO,IKOZI B
IKOZI,55221,CHITUO,KATETE
IKOZI,55221,TENTULA,MTAKUJA
IKOZI,55221,TENTULA,TENTULA KATI
IKOZI,55221,TENTULA,NAMONKA A
IKOZI,55221,TENTULA,KAVUNA
IKOZI,55221,TENTULA,NAMONKA B
MPWAPWA,55222,MPWAPWA,MASANKO
MPWAPWA,55222,MPWAPWA,KATUPA
MPWAPWA,55222,MPWAPWA,MAZIRA
MPWAPWA,55222,MPWAPWA,MPWAPWA
MPWAPWA,55222,MALOLWA,SEZA
MPWAPWA,55222,MALOLWA,MALOLWA
MPWAPWA,55222,MALOLWA,MILEMO
MPWAPWA,55222,MEMYA,MEMYA
MPWAPWA,55222,MEMYA,MTAKUJA
MPWAPWA,55222,MEMYA,MSAMVU
MPWAPWA,55222,KAPOKA,MANDA
MPWAPWA,55222,KAPOKA,KAPOKA
MPWAPWA,55222,KAPOKA,MISIKU
LYANGALILE,55223,KIANDA,MAGOMENI A
LYANGALILE,55223,KIANDA,MAGOMENI B
LYANGALILE,55223,KIANDA,NDELEMVI
LYANGALILE,55223,KIANDA,KALOLENI
LYANGALILE,55223,KIANDA,MANJE
LYANGALILE,55223,KAZI,SONJE
LYANGALILE,55223,KAZI,CHAMIKU
LYANGALILE,55223,KAZI,KAZI
LYANGALILE,55223,KATONTO,KATONTO
LYANGALILE,55223,KATONTO,MWIMBI
LYANGALILE,55223,KATONTO,ISINDA
LYANGALILE,55223,KATONTO,CHAMSIKU
KANDA,55224,LULA,KAWIMBE B
KANDA,55224,LULA,KAWIMBE A
KANDA,55224,LULA,MKAMBA
KANDA,55224,LULA,KITIPA A
KANDA,55224,LULA,KITIPA B
KANDA,55224,CHITETE,MSHULUMKE
KANDA,55224,CHITETE,KITIPE
KANDA,55224,CHITETE,NAMANUNKA
KANDA,55224,CHITETE,TUNKO
KANDA,55224,CHITETE,MAWENI
KANDA,55224,LYAPONA B,KALYAMANYI
KANDA,55224,LYAPONA B,LYAPONA
KANDA,55224,LYAPONA,ILAMBILA
KANDA,55224,LYAPONA,BANGWE
KANDA,55224,LYAPONA,KAFUNDO
KANDA,55224,LYAPONA,MTAZYA
MSANDA MUUNGANO,55225,MSANDAMUUNGANO A,ISALE
MSANDA MUUNGANO,55225,MSANDAMUUNGANO A,BUTIAMA
MSANDA MUUNGANO,55225,SONGAMBELE AZIMIO,NSIMBO
MSANDA MUUNGANO,55225,SONGAMBELE AZIMIO,BONDENI
MSANDA MUUNGANO,55225,SONGAMBELE AZIMIO,NAKAZUNZU
MSANDA MUUNGANO,55225,MSANDAMUUNGANO B,MSANDA
MSANDA MUUNGANO,55225,MSANDAMUUNGANO B,TUZIMU
MSANDA MUUNGANO,55225,MSANDAMUUNGANO B,NGALANI
MSANDA MUUNGANO,55225,SIKAUNGU,KILULUMO
MSANDA MUUNGANO,55225,SIKAUNGU,SIKAUNGU
MSANDA MUUNGANO,55225,SIKAUNGU,KATENJELE
KASANZAMA,55226,SIKAUNGU,KASANZAMA
KASANZAMA,55226,SIKAUNGU,NAMAYANGA
KASANZAMA,55226,SIKAUNGU,LAELA B
KASANZAMA,55226,SIKAUNGU,NKUSA
KASANZAMA,55226,SIKAUNGU,ISUNDA
KASANZAMA,55226,SIKAUNGU,NAMATILI
KASANZAMA,55226,SIKAUNGU,KANTENZA
KASANZAMA,55226,SIKAUNGU,FWAKA
KASANZAMA,55226,SIKAUNGU,KATABI
KASANZAMA,55226,SIKAUNGU,ZINDE
KASANZAMA,55226,SIKAUNGU,KAPELE
KASANZAMA,55226,SIKAUNGU,KATAPULO
KASANZAMA,55226,SIKAUNGU,CHANG'OMBE
MNOKOLA,55227,SIKAUNGU,MAJENGO
MNOKOLA,55227,SIKAUNGU,KAPELE
MNOKOLA,55227,SIKAUNGU,CHIWOLOMBE
MNOKOLA,55227,SIKAUNGU,MCHISA
MNOKOLA,55227,SIKAUNGU,MNOKOLA
MNOKOLA,55227,SIKAUNGU,KISAKAFU
MNOKOLA,55227,SIKAUNGU,NITO
MNOKOLA,55227,SIKAUNGU,KISALALA
MNOKOLA,55227,SIKAUNGU,TISWE
MNOKOLA,55227,SIKAUNGU,KAMLANDA
MNOKOLA,55227,SIKAUNGU,IYUNGA
MNOKOLA,55227,SIKAUNGU,KIPOLO
MNOKOLA,55227,SIKAUNGU,MTETA
MNOKOLA,55227,SIKAUNGU,ITETE
MNOKOLA,55227,SIKAUNGU,KIVUKO
MNOKOLA,55227,SIKAUNGU,MITITI
NAMANYERE,55301,SIKAUNGU,MKASAMA
NAMANYERE,55301,SIKAUNGU,CHAWE
NAMANYERE,55301,SIKAUNGU,MPELEMBE
NAMANYERE,55301,SIKAUNGU,MBWENDI
NAMANYERE,55301,SIKAUNGU,BANGWE
NAMANYERE,55301,SIKAUNGU,MLASI
NAMANYERE,55301,SIKAUNGU,CCM BAANI
NAMANYERE,55301,SIKAUNGU,ILEGEZA
NAMANYERE,55301,SIKAUNGU,TINDI
NAMANYERE,55301,SIKAUNGU,KAMAMA
NAMANYERE,55301,SIKAUNGU,MALANGALI
NKOMOLO,55302,SIKAUNGU,KAKOMA
NKOMOLO,55302,SIKAUNGU,ILUMBILWA
NKOMOLO,55302,SIKAUNGU,KASISIWE
NKOMOLO,55302,SIKAUNGU,MKOLE
NKOMOLO,55302,SIKAUNGU,ILALASIMBA
NKOMOLO,55302,SIKAUNGU,MGOMBEZI
NKOMOLO,55302,SIKAUNGU,MLUNGUSI
NKOMOLO,55302,SIKAUNGU,KAMIUNGO
NKOMOLO,55302,SIKAUNGU,CHILUKU
NKOMOLO,55302,SIKAUNGU,KALEMYA
NKOMOLO,55302,SIKAUNGU,MBULO
NKOMOLO,55302,SIKAUNGU,NANG'OMBE
NKOMOLO,55302,SIKAUNGU,IPANDA
NKOMOLO,55302,SIKAUNGU,LYANTWIYA
NKOMOLO,55302,SIKAUNGU,JUHUDI
NKOMOLO,55302,SIKAUNGU,SHELI
NKOMOLO,55302,SIKAUNGU,TUMAINI
NKOMOLO,55302,SIKAUNGU,NKOMOLO KATI
ISALE,55303,NTUCHI,NKOKOLO
ISALE,55303,NTUCHI,MAGOMENI
ISALE,55303,NTUCHI,ITUZYA
ISALE,55303,NTUCHI,MISAKWI
ISALE,55303,NTUCHI,KANCHENCHE
ISALE,55303,NTUCHI KUSINI,KIJIWENI
ISALE,55303,NTUCHI KUSINI,KASULA
ISALE,55303,NTUCHI KUSINI,NAKULAKA
ISALE,55303,NTUCHI KUSINI,KISUMBA
ISALE,55303,NTUCHI KUSINI,KANONDO
ISALE,55303,KITOSI,KANDALE
ISALE,55303,KITOSI,WIMBE
ISALE,55303,KITOSI,SENDO
ISALE,55303,KITOSI,KANWAIZA
ISALE,55303,KITOSI,KITEO
ISALE,55303,IFUNDWA,IFUNDWA A
ISALE,55303,IFUNDWA,IFUNDWA B
ISALE,55303,IFUNDWA,KALEMASHA A
ISALE,55303,IFUNDWA,KALEMASHA B
KIPANDE,55304,KIPANDE,KALEMASHA
KIPANDE,55304,KIPANDE,MAJENGO
KIPANDE,55304,KIPANDE,KILANGALA
KIPANDE,55304,KIPANDE,KAZAMOYO
KIPANDE,55304,KIPANDE,MTAKUJA
KIPANDE,55304,KIPANDE,MAGEUZI
KIPANDE,55304,KIPANDE,MWENGE
KIPANDE,55304,KIPANDE,KIZUSI
KIPANDE,55304,KIPANDE,MTAPENDA
KIPANDE,55304,KIPANDE,LUSEMBWA
KIPANDE,55304,KIPANDE,KATANDALA
KIPANDE,55304,KIPANDE,LUSEMBWA B
KIPANDE,55304,NKUNDI,NANZUMI
KIPANDE,55304,NKUNDI,LWIYA
KIPANDE,55304,NKUNDI,MYALE
KIPANDE,55304,NKUNDI,KING'OMBE
KIPANDE,55304,NKUNDI,ZAKA
KIPANDE,55304,NKUNDI,KAKONJE
KIPANDE,55304,NKUNDI,MIFUNDWA
KIPANDE,55304,NKUNDI,NANKASI
KIPANDE,55304,NKUNDI,KOBASHEKA
KIPANDE,55304,NKUNDI,NAVYELA
KIPANDE,55304,NKUNDI,MAKULA
KIPANDE,55304,NKUNDI,KITIKILI
KIPANDE,55304,NKUNDI,MIKONKONI
KIPANDE,55304,KANTAWA,MATUMAINI
KIPANDE,55304,KANTAWA,KABUNGU
KIPANDE,55304,KANTAWA,LYAKUPOLA
KIPANDE,55304,KANTAWA,NAMTOMOLA
KIPANDE,55304,KANTAWA,NAUNTI
KIPANDE,55304,KANTAWA,MNANILO
KIPANDE,55304,KANTAWA,ILAMBILA
KIPANDE,55304,KANTAWA,MKUTANO
KIPANDE,55304,KANTAWA,SONGAMBELE
KIPANDE,55304,KANTAWA,KASANGWA
KIPANDE,55304,KANTAWA,ZIMBA
KIPANDE,55304,KANTAWA,MNANILO B
KIPANDE,55304,KANTAWA,MOTOMOTO
KIPANDE,55304,KANTAWA,NAMFUTU
KIPANDE,55304,KALUNDI,SOPA
KIPANDE,55304,KALUNDI,NGUVUKAZI
KIPANDE,55304,KALUNDI,ITENDE
KIPANDE,55304,KALUNDI,JITEGEMEE
KIPANDE,55304,KALUNDI,KAWAJENSE
KIPANDE,55304,KALUNDI,MBINGILWA
KIPANDE,55304,KALUNDI,MUHIMBILI
KIPANDE,55304,KALUNDI,KACHINDO
KIPANDE,55304,KALUNDI,TAMBUKALELI
KIPANDE,55304,KALUNDI,MTAPENDA
KIPANDE,55304,NKOMOLO II,MAPINDUZI
KIPANDE,55304,NKOMOLO II,IYAKA
KIPANDE,55304,NKOMOLO II,NDOLA
KIPANDE,55304,NKOMOLO II,BONDESAFI
KIPANDE,55304,NKOMOLO II,MALIMAO
KIPANDE,55304,NKOMOLO II,UPENDO
KIPANDE,55304,NKOMOLO II,KITIKA
KIPANDE,55304,NKOMOLO II,MALIYA
KIPANDE,55304,NKOMOLO II,JEMBE
CHALA,55305,CHIMA,KILOMBERO
CHALA,55305,CHIMA,CHIMA
CHALA,55305,CHIMA,MAHAKAMA
CHALA,55305,CHIMA,UTULIVU NA.1
CHALA,55305,CHIMA,MNONELA
CHALA,55305,CHIMA,NDESWA
CHALA,55305,CHIMA,KAFULANJILI
CHALA,55305,CHALA A,UTULIVU NA. 2
CHALA,55305,CHALA A,MTAKUJA
CHALA,55305,CHALA A,KAZIMOJA
CHALA,55305,CHALA A,TUWEPAMOJA
CHALA,55305,CHALA A,MAFANIKIO
CHALA,55305,CHALA A,MFYIKO
CHALA,55305,CHALA A,CHALANTAI
CHALA,55305,CHALA A,KAULA
CHALA,55305,CHALA A,IPINGILILA
CHALA,55305,CHALA C,MIKOLONGO
CHALA,55305,CHALA C,KAULA
CHALA,55305,CHALA C,SENGA
CHALA,55305,CHALA C,NCHEMEKELO
CHALA,55305,CHALA C,IZIMBA
CHALA,55305,CHATELEKESHA,IZIMBA
CHALA,55305,CHATELEKESHA,CHATELEKESHA
CHALA,55305,CHATELEKESHA,NTANGANYIKA
CHALA,55305,CHATELEKESHA,ISOMA
CHALA,55305,CHATELEKESHA,NACHISHILO
CHALA,55305,CHATELEKESHA,MFWIZI
CHALA,55305,CHATELEKESHA,ISOMA B
CHALA,55305,KACHECHE,KATETE
CHALA,55305,KACHECHE,KAGWILO
CHALA,55305,KACHECHE,IVUNJE
CHALA,55305,KACHECHE,KASHANGALI
CHALA,55305,KACHECHE,NTENGO
CHALA,55305,KACHECHE,NACHISITU
CHALA,55305,CHALA B,MABATINI
CHALA,55305,CHALA B,MAPANDANJIA
CHALA,55305,CHALA B,MASHETE
CHALA,55305,CHALA B,MKOPEZI
CHALA,55305,CHALA B,KAUSHIKE
CHALA,55305,CHALA B,KIVUKONI
CHALA,55305,CHALA B,MKOPEZI B
CHALA,55305,CHALA B,TULU B
CHALA,55305,CHALA B,UKOLO B
CHALA,55305,ISASA,TULU
CHALA,55305,ISASA,KIVUKONI
CHALA,55305,ISASA,ISASA
CHALA,55305,ISASA,MBUGANI
CHALA,55305,LONDOKAZI,UPENDO
CHALA,55305,LONDOKAZI,MAGEUZI
CHALA,55305,LONDOKAZI,KALAMBO
CHALA,55305,LONDOKAZI,MTAPENDA
CHALA,55305,LONDOKAZI,MATANDALANI
CHALA,55305,LONDOKAZI,MUUNGANO
CHALA,55305,LONDOKAZI,LONDO
CHALA,55305,LONDOKAZI,MTITI
MTENGA,55307,LONDOKAZI,MTENGA
MTENGA,55307,LONDOKAZI,MTENGA B
MTENGA,55307,LONDOKAZI,MWAI
MTENGA,55307,LONDOKAZI,MATALA
KABWE,55308,KABWE,KITONGOJI NA.1
KABWE,55308,KABWE,KITONGOJI  NA.2
KABWE,55308,KABWE,KITONGOJI NA.3
KABWE,55308,KABWE,KITONGOJI NA.4
KABWE,55308,KABWE CAMP,KITONGOJI NA.9
KABWE,55308,KABWE CAMP,KITONGOJI  NA.10
KABWE,55308,KABWE CAMP,KITONGOJI NA.11
KABWE,55308,KABWE CAMP,KITONGOJI NA.12
KABWE,55308,KANCHUI,NGUVU KAZI
KABWE,55308,KANCHUI,KASINDE
KABWE,55308,KANCHUI,BEACH
KABWE,55308,KANCHUI,KATOBA
KABWE,55308,KANCHUI,MKUKWE
KABWE,55308,MPENGE,KITONGOJI NA.1
KABWE,55308,MPENGE,KITONGOJI  NA.2
KABWE,55308,MPENGE,KITONGOJI NA.3
KABWE,55308,MPENGE,KITONGOJI NA.4
KABWE,55308,MPENGE,KITONGOJI NA.5
KABWE,55308,MKOMBE,MNAZI MMOJA
KABWE,55308,MKOMBE,MAJENGO
KABWE,55308,MKOMBE,MTUKULA
KABWE,55308,MKOMBE,IPINGIRA
KABWE,55308,MKOMBE,MWEMBENI
KABWE,55308,KALILA,KITONGOJI NA.1
KABWE,55308,KALILA,KITONGOJI  NA.2
KABWE,55308,KALILA,JANGWANI
KABWE,55308,KALILA,KITONGOJI NA.4
KABWE,55308,KALILA,VIBANDANI
KABWE,55308,UDACHI,KITONGOJI NA.1
KABWE,55308,UDACHI,KITONGOJI  NA.2
KABWE,55308,UDACHI,KITONGOJI NA.3
KABWE,55308,UDACHI,KITONGOJI NA.4
KABWE,55308,UDACHI,KITONGOJI NA.5
KABWE,55308,UDACHI,KITONGOJI NA.6
KIRANDO,55309,KAMWANDA,MWATUSEMA
KIRANDO,55309,KAMWANDA,KATANDALA
KIRANDO,55309,KAMWANDA,UPENZI
KIRANDO,55309,KAMWANDA,KALYA
KIRANDO,55309,KAMWANDA,UPENDO
KIRANDO,55309,MPATA,MYENGE
KIRANDO,55309,MPATA,KATINDA
KIRANDO,55309,MPATA,FUKUNYU
KIRANDO,55309,MPATA,KITUNDU
KIRANDO,55309,MPATA,KANINI
KIRANDO,55309,MPATA,JIPEMOYO
KIRANDO,55309,MPATA,INUGU
KIRANDO,55309,MPATA,NGENYA
KIRANDO,55309,MTAKUJA,MNAZI MMOJA
KIRANDO,55309,MTAKUJA,FORODHANI
KIRANDO,55309,MTAKUJA,NYERERE
KIRANDO,55309,MTAKUJA,MAJENGO MAPYA
KIRANDO,55309,MTAKUJA,MPAKANI
KIRANDO,55309,MTAKUJA,MACHINJIONI
KIRANDO,55309,MTAKUJA,MCHIKICHINI
KIRANDO,55309,KICHANGANI,KASIMBO
KIRANDO,55309,KICHANGANI,KISWANTA
KIRANDO,55309,KICHANGANI,MKAMBA
KIRANDO,55309,KICHANGANI,MWIBANI
KIRANDO,55309,KICHANGANI,NG'OMBENSAZI
NINDE,55310,NINDE,KALUNGU
NINDE,55310,NINDE,KALINGALINGA
NINDE,55310,NINDE,MAJENGO
NINDE,55310,NINDE,KASWI
NINDE,55310,NINDE,MWEMBENI
NINDE,55310,NINDE,MLUNDI
NINDE,55310,NINDE,MKIRINGA CITY
NINDE,55310,NINDE,KIPAMBA
NINDE,55310,NINDE,MJIMWEMA
NINDE,55310,NINDE,MUUNGANO
NINDE,55310,NINDE,BANDARI
NINDE,55310,NINDE,KILIMAHEWA
NINDE,55310,NAMANSI,KITIWA
NINDE,55310,NAMANSI,KAYOWA
NINDE,55310,NAMANSI,ILUNGU
NINDE,55310,NAMANSI,CHELE
NINDE,55310,NAMANSI,NAMANSI MJINI
NINDE,55310,NAMANSI,CHAMTEPA
NINDE,55310,NAMANSI,KASISHE
NINDE,55310,NAMANSI,MALILAMPUI
NINDE,55310,NAMANSI,MJIMWEMA
NINDE,55310,NAMANSI,MTOSI
NINDE,55310,KISAMBALA,TWIYU
NINDE,55310,KISAMBALA,KORWE
NINDE,55310,KISAMBALA,KISAMBALA
NINDE,55310,KISAMBALA,MATAKA
NINDE,55310,KISAMBALA,LYASI
NINDE,55310,KISAMBALA,MFUNDESI
NINDE,55310,KISAMBALA,KASWANYA
NINDE,55310,KISAMBALA,MSANGAMWISA
NINDE,55310,KISAMBALA,MTOSI
NINDE,55310,KASANGA,MLIMANI
NINDE,55310,KASANGA,MASOKOLO
NINDE,55310,KASANGA,MSUMBA
NINDE,55310,KASANGA,KASANGA
NINDE,55310,KASANGA,KASANGA B
NINDE,55310,MSAMBA,MONGWE NA.10
NINDE,55310,MSAMBA,MPUNDA NA. 1
NINDE,55310,MSAMBA,ZIWANI NA. 3
NINDE,55310,MSAMBA,MIEMBENI NA.4
NINDE,55310,MSAMBA,MIEMBENI NA.8
NINDE,55310,MSAMBA,MNAZI MMOJA NA.6
NINDE,55310,MSAMBA,MIEMBENI NA.7
NINDE,55310,MSAMBA,KALUNGU NA.9
NINDE,55310,MSAMBA,MPUNDA NA. 2
NINDE,55310,MSAMBA,KANISANI NA.5
KATE,55311,KATE,MWATI
KATE,55311,KATE,KIZUMILA
KATE,55311,KATE,NKATA
KATE,55311,KATE,MKUKWE
KATE,55311,KATE,KIWANJANI
KATE,55311,KATE,KOTAZI
KATE,55311,KATE,MWENGE
KATE,55311,KATE,FUKUTU
KATE,55311,KATE,NAMEMA
KATE,55311,MWENGE,KIWELE
KATE,55311,MWENGE,MIANGALUA
KATE,55311,MWENGE,KATE
KATE,55311,MWENGE,GODAUNI
KATE,55311,NCHENJE,GODAUNI
KATE,55311,NCHENJE,MTIMBWA
KATE,55311,NCHENJE,KASENGA
KATE,55311,NCHENJE,NG’ONGO
KATE,55311,NCHENJE,BOMBANI
KATE,55311,NCHENJE,KIJIWENI
KATE,55311,NCHENJE,KATUNTU
KATE,55311,NCHENJE,KAFUKOKA
KATE,55311,NTEMBA,PEPE
KATE,55311,NTEMBA,KIWEMBISI
KATE,55311,NTEMBA,IKUKU
KATE,55311,NTEMBA,NTEMBA
KATE,55311,NTEMBA,KAPELE
KATE,55311,CHINA,CHINA MTONI
KATE,55311,CHINA,KATETE
KATE,55311,CHINA,KATOLIKI
KATE,55311,CHINA,ITEKESHA
KATE,55311,CHINA,KATOLA
SINTALI,55312,SINTALI,KATAPULO
SINTALI,55312,SINTALI,CHANGAMOTO
SINTALI,55312,SINTALI,ILYEMA
SINTALI,55312,SINTALI,MUUNGANO
SINTALI,55312,SINTALI,MKUWE
SINTALI,55312,SINTALI,KATANDALA
SINTALI,55312,NKANA,JUHUDI
SINTALI,55312,NKANA,KAGERA
SINTALI,55312,NKANA,KAZIMOTO
SINTALI,55312,NKANA,KALEMASHA
SINTALI,55312,NKANA,MKUYUNI
SINTALI,55312,NKANA,KALAMBO
SINTALI,55312,NKOMACHINDO,UHAMIAJI
SINTALI,55312,NKOMACHINDO,KITANGAZI
SINTALI,55312,NKOMACHINDO,KALAINI
SINTALI,55312,NKOMACHINDO,KITONTO
SINTALI,55312,KASAPA,NGUVUKAZI
SINTALI,55312,KASAPA,LAMBANAKUNWA
SINTALI,55312,KASAPA,JITEGEMEE
SINTALI,55312,KASAPA,KATANGA
WAMPEMBE,55313,WAMPEMBE,KAFUTI
WAMPEMBE,55313,WAMPEMBE,ISIMYA
WAMPEMBE,55313,WAMPEMBE,MPYULE
WAMPEMBE,55313,WAMPEMBE,MAJENGO
WAMPEMBE,55313,WAMPEMBE,POLISI
WAMPEMBE,55313,WAMPEMBE,MWENE
WAMPEMBE,55313,WAMPEMBE,SOKONI
WAMPEMBE,55313,WAMPEMBE,KATALE
WAMPEMBE,55313,WAMPEMBE,KIKONKO
WAMPEMBE,55313,WAMPEMBE,VUTA
WAMPEMBE,55313,MWINZA,KANISANI
WAMPEMBE,55313,MWINZA,LWANTANGA
WAMPEMBE,55313,MWINZA,MATANDALA
WAMPEMBE,55313,MWINZA,KAYEWA
WAMPEMBE,55313,MWINZA,VUTA
WAMPEMBE,55313,MWINZA,SUNSU
WAMPEMBE,55313,MWINZA,TEMBWA
WAMPEMBE,55313,MWINZA,KIWANDA
WAMPEMBE,55313,MWINZA,MALALE
WAMPEMBE,55313,IZINGA,NACHAOMBA
WAMPEMBE,55313,IZINGA,KISAPA
WAMPEMBE,55313,IZINGA,NAMKALE
WAMPEMBE,55313,IZINGA,SINGALAWE
WAMPEMBE,55313,IZINGA,NANTIMBA
WAMPEMBE,55313,IZINGA,KATONGWA
WAMPEMBE,55313,IZINGA,IKUKUTA
WAMPEMBE,55313,IZINGA,KIATU
WAMPEMBE,55313,IZINGA,NSIMBA
WAMPEMBE,55313,IZINGA,SOLA
WAMPEMBE,55313,IZINGA,MALIMA
KALA,55314,KALA,JITEGEMEE
KALA,55314,KALA,MKULIMA
KALA,55314,KALA,KUCHI
KALA,55314,KALA,AMANI
KALA,55314,KALA,MNAZI MMOJA
KALA,55314,KALA,AZIMIO
KALA,55314,KALA,MANDELA
KALA,55314,KALA,MUUNGANO
KALA,55314,KALA,MWEMBECHAI
KALA,55314,MPASA,LEBANONI
KALA,55314,MPASA,MWENGE
KALA,55314,MPASA,JITEGEMEE
KALA,55314,MPASA,LEGEZA MWENDO
KALA,55314,MPASA,KILIMAHEWA
KALA,55314,MPASA,MUUNGANO
KALA,55314,MPASA,AZIMIO
KALA,55314,MPASA,"MLOMBA ""A"""
KALA,55314,MPASA,"MLOMBA ""B"""
KALA,55314,KILAMBO,IPINGA
KALA,55314,KILAMBO,SONGAMBELE
KALA,55314,KILAMBO,KANGALA
KALA,55314,KILAMBO,MTAKUJA
KALA,55314,KILAMBO,KAUMBA
KALA,55314,KING'OMBE,KAJIWENI
KALA,55314,KING'OMBE,AZIMIO
KALA,55314,KING'OMBE,MTAKUJA
KALA,55314,KING'OMBE,KILIMAHEWA
KALA,55314,KING'OMBE,UJAMAA
KALA,55314,KING'OMBE,CHATINDUZO
KALA,55314,MLAMBO,KILANGALA
KALA,55314,MLAMBO,MAWENI
KALA,55314,MLAMBO,KALOLENI
KALA,55314,MLAMBO,MUUNGANO
KALA,55314,MLAMBO,MTAPENDA
KALA,55314,TUNDU,NANKAMBWE
KALA,55314,TUNDU,MCHIMA
KALA,55314,TUNDU,MIEMBENI
KALA,55314,TUNDU,KASEKWA
KALA,55314,TUNDU,ITETEMYA
NKANDASI,55315,KASU,MTUKULA
NKANDASI,55315,KASU,ILOLESHA
NKANDASI,55315,KASU,KAMASO
NKANDASI,55315,KASU,NAMALA
NKANDASI,55315,KASU,MBINGILWA
NKANDASI,55315,KASU,CHIMINOKA
NKANDASI,55315,KASU,IPUSHA
NKANDASI,55315,KASU B,MILESHE
NKANDASI,55315,KASU B,MKUTANO
NKANDASI,55315,KASU B,MASINYUMBI
NKANDASI,55315,KASU B,KATANDALA
NKANDASI,55315,KASU B,KASISIWE
NKANDASI,55315,KASU B,CHULU
NKANDASI,55315,KASU B,TAKASA
NKANDASI,55315,KATANI,KAMCHELE
NKANDASI,55315,KATANI,MTIMBWA
NKANDASI,55315,KATANI,NAMANI
NKANDASI,55315,KATANI,NACHIAMBA
NKANDASI,55315,KATANI,ISELEMBEKE
NKANDASI,55315,KATANI,KASANDA
NKANDASI,55315,KATANI,KIPOMA
NKANDASI,55315,KATANI,KAWALA
NKANDASI,55315,KATANI,WISATA
NKANDASI,55315,KATANI,MLENZO
NKANDASI,55315,KATANI,NKOVYO
NKANDASI,55315,KATANI,MBENI
NKANDASI,55315,KATANI,MSOKOZI
NKANDASI,55315,KATANI,NTILA
NKANDASI,55315,KATANI,KAUNGO
NKANDASI,55315,MILUNDIKWA,KATOLWE
NKANDASI,55315,MILUNDIKWA,MSHIKAMANO
NKANDASI,55315,MILUNDIKWA,FUZI
NKANDASI,55315,MILUNDIKWA,MTAPENDA
NKANDASI,55315,MILUNDIKWA,KICHANGANI
NKANDASI,55315,MILUNDIKWA,KAMATOCHI
NKANDASI,55315,MILUNDIKWA,KIPILI
NKANDASI,55315,MILUNDIKWA,KITUTWA
NKANDASI,55315,MILUNDIKWA,KIJIWENI
NKANDASI,55315,MALONGWE,MILESHE
NKANDASI,55315,MALONGWE,LULI
NKANDASI,55315,MALONGWE,KAULANGUMI
NKANDASI,55315,MALONGWE,ILONGA
NKANDASI,55315,MALONGWE,MAJENGO
NKANDASI,55315,KISULA,KAFUTA
NKANDASI,55315,KISULA,SANGALIKA
NKANDASI,55315,KISULA,MAPINDUZI
NKANDASI,55315,KISULA,MTAKUJA
NKANDASI,55315,KISULA,MWENI
NKANDASI,55315,KISULA,KAULANGUMI
NKANDASI,55315,KISULA,NDALAO
NKANDASI,55315,KISULA,MWONGOZO
KIPILI,55316,KIPILI,MBWILO
KIPILI,55316,KIPILI,TAMBUKALI
KIPILI,55316,KIPILI,SENYENGE
KIPILI,55316,KIPILI,NKANGA
KIPILI,55316,KIPILI,JIWENI KAMBA
KIPILI,55316,KIPILI,KAKONGONI
KIPILI,55316,KATONGOLO,MTONI
KIPILI,55316,KATONGOLO,NYIKAISHO B
KIPILI,55316,KATONGOLO,KATONGOLO A
KIPILI,55316,KATONGOLO,RUANDA
KIPILI,55316,KATONGOLO,LWAFI
KIPILI,55316,KATONGOLO,KIPREFT
KIPILI,55316,KATONGOLO,KIPOMA
KIPILI,55316,KATONGOLO,MATOPE
KIPILI,55316,KATONGOLO,NYIKAISHO A
KIPILI,55316,MASOLO,KIPREFT
KIPILI,55316,MASOLO,IPYA
KIPILI,55316,MASOLO,KASIMBA
KIPILI,55316,MASOLO,USUKUMANI
KIPILI,55316,MASOLO,TAZARA
KIPILI,55316,MASOLO,CHOTE
KIPILI,55316,MANDAKERENGE,MWENDAPOLE
KIPILI,55316,MANDAKERENGE,UMOJA
KIPILI,55316,MANDAKERENGE,AZIMIO
KIPILI,55316,MANDAKERENGE,UHURU
KIPILI,55316,MANDAKERENGE,MAGEUZI
KIPILI,55316,MANDAKERENGE,NTANGA
KIPILI,55316,MANDAKERENGE,MVUNA
KIPILI,55316,MANDAKERENGE,JUHUDI
KIPILI,55316,MANDAKERENGE,MWAYAONA
KIPILI,55316,MANDAKERENGE,MWILA
KIPILI,55316,MANDAKERENGE,JEMBENIMALI
KIPILI,55316,MANDAKERENGE,MKEREKETWA
KIPILI,55316,MANDAKERENGE,KAMSOKANYE
KORONGWE,55317,KORONGWE ASILIA,MSUFINI
KORONGWE,55317,KORONGWE ASILIA,SOKONI
KORONGWE,55317,KORONGWE ASILIA,MWEMBENI
KORONGWE,55317,KORONGWE ASILIA,SHULENI
KORONGWE,55317,KORONGWE ASILIA,MAFURIKONI
KORONGWE,55317,KORONGWE ASILIA,UJOMBANI
KORONGWE,55317,KORONGWE ASILIA,ZIWANI
KORONGWE,55317,KORONGWE ASILIA,KAMPEMBA
KORONGWE,55317,KORONGWE ASILIA,MWANAMINANGO
KORONGWE,55317,FORODHANI,KORONGWE BEACH
KORONGWE,55317,FORODHANI,KIVUKONI
KORONGWE,55317,FORODHANI,KORONGWE FIPA
KORONGWE,55317,FORODHANI,FORODHANI
KORONGWE,55317,FORODHANI,ASILIA
KORONGWE,55317,FORODHANI,KAMBETE
KORONGWE,55317,UTINTA,KANISANI
KORONGWE,55317,UTINTA,ZIZINI KATI
KORONGWE,55317,UTINTA,ZIZINI SOKONI
KORONGWE,55317,UTINTA,ZIZINI MASHINENI
KORONGWE,55317,UTINTA,KARANDA A
KORONGWE,55317,UTINTA,KARANDA B
KORONGWE,55317,UTINTA,MSALABA
KORONGWE,55317,UTINTA,KEMPU
KORONGWE,55317,UTINTA,SHULENI
KORONGWE,55317,BUMANDA,BUMANDA ZIWANI
KORONGWE,55317,BUMANDA,BUMANDA MLIMANI
KORONGWE,55317,BUMANDA,KALASI
KORONGWE,55317,KAZOVU,KAMPALA
KORONGWE,55317,KAZOVU,KAZOVU MTONI
KORONGWE,55317,KAZOVU,KAZOVU KANISANI
KORONGWE,55317,KAZOVU,KAZOVU UWANJANI
KORONGWE,55317,KAZOVU,ZIWANI
KORONGWE,55317,KAZOVU,SOKONI
KORONGWE,55317,KAZOVU,NGALA
KORONGWE,55317,KAZOVU,MAGHARIBI
KORONGWE,55317,ISABA,MNAZI MMOJA
KORONGWE,55317,ISABA,ISABA
KORONGWE,55317,ISABA,RASINI
MKWAMBA,55318,SWAILA,NGALU
MKWAMBA,55318,SWAILA,NISHATI
MKWAMBA,55318,SWAILA,KASHAULILI
MKWAMBA,55318,SWAILA,ISANGA
MKWAMBA,55318,SWAILA,ITIMBA
MKWAMBA,55318,SWAILA,KANINA
MKWAMBA,55318,SWAILA,LUNYALA
MKWAMBA,55318,SWAILA,CHATINDU
MKWAMBA,55318,TAMBARUKA,SOPA A
MKWAMBA,55318,TAMBARUKA,SOPA B
MKWAMBA,55318,TAMBARUKA,MAJENGO A
MKWAMBA,55318,TAMBARUKA,MAJENGO B
MKWAMBA,55318,TAMBARUKA,SOYA
MKWAMBA,55318,LYELE,KISATO
MKWAMBA,55318,LYELE,MKUTANO
MKWAMBA,55318,LYELE,ITIMBA
MKWAMBA,55318,LYELE,KASAKALAWE
MKWAMBA,55318,LYELE,KAOSE
MKWAMBA,55318,LYELE,ISANGA
MKWAMBA,55318,LYELE,MPULO
MKWAMBA,55318,LYELE,KATE
MKWAMBA,55318,ITINDI,IMANYAMWAKA
MKWAMBA,55318,ITINDI,MISU
MKWAMBA,55318,ITINDI,KASEMWA
MKWAMBA,55318,ITINDI,MBINGILWA
MKWAMBA,55318,ITINDI,ITISHA
MKWAMBA,55318,ITINDI,KATANDALA
MKWAMBA,55318,ITINDI,MTAKUJA
MYULA,55319,MYULA,KATAI
MYULA,55319,MYULA,NANTOMVU
MYULA,55319,MYULA,NAMONDE
MYULA,55319,MYULA,NAMAZUKA
MYULA,55319,MYULA,MGODI
MYULA,55319,MYULA,MAKUTANO
MYULA,55319,MYULA,CHAO
MYULA,55319,MYULA,MBILINGWA
MYULA,55319,MYULA,KALUNGUTI
MYULA,55319,CHALATILA,KIANDA
MYULA,55319,CHALATILA,KIVULINI
MYULA,55319,CHALATILA,KATETE
MYULA,55319,CHALATILA,KAKOZI
MYULA,55319,CHALATILA,BAKO
MYULA,55319,CHALATILA,NAKAKOLECHI
MYULA,55319,CHALATILA,KANGE
MYULA,55319,CHONGA,KAPINA
MYULA,55319,CHONGA,MABAMBALI
MYULA,55319,CHONGA,NJELELA
MYULA,55319,CHONGA,KONDWA
MYULA,55319,CHONGA,NTAKASANGWA
MYULA,55319,CHONGA,MALOCHA
MYULA,55319,CHONGA,WATUMISHI
MYULA,55319,CHONGA,CHELELA
MYULA,55319,MAKUPA,KASONGOLE
MYULA,55319,MAKUPA,NSILA
MYULA,55319,MAKUPA,MAKALA
MYULA,55319,MAKUPA,MWEMBE
MYULA,55319,MAKUPA,CHINKO
MYULA,55319,NTALAMILA,FOREST
MYULA,55319,NTALAMILA,SHOMBO
MYULA,55319,NTALAMILA,MSAMARIA
MYULA,55319,NTALAMILA,MTAKUJA
MYULA,55319,NTALAMILA,NAMASUMBO
MYULA,55319,NTALAMILA,MKUMBULO
MYULA,55319,NTALAMILA,NTILI
MYULA,55319,NTALAMILA,AZIMIO
MYULA,55319,NTALAMILA,NTAKAINGO
MYULA,55319,NTALAMILA,KITUKU
KIZUMBI,55320,KIZUMBI,MEMBEMEMBE
KIZUMBI,55320,KIZUMBI,MISISI
KIZUMBI,55320,KIZUMBI,ULINGA
KIZUMBI,55320,KIZUMBI,MIGOMBANI
KIZUMBI,55320,KIZUMBI,MAILI MOJA
KIZUMBI,55320,KIZUMBI,MANDA
KIZUMBI,55320,LYAPINDA,LOLESHA
KIZUMBI,55320,LYAPINDA,KANISANI
KIZUMBI,55320,LYAPINDA,VUTA
KIZUMBI,55320,LYAPINDA,MAJENGO
KIZUMBI,55320,LYAPINDA,MOWE
KIZUMBI,55320,LYAPINDA,KISENGA
KIZUMBI,55320,LYAPINDA,RASINI
KIZUMBI,55320,LYAPINDA,CHINA
KIZUMBI,55320,LYAPINDA,SEMWE
KIZUMBI,55320,LYAPINDA,MWEMBENI
KIZUMBI,55320,LYAPINDA,KASULO
KIZUMBI,55320,NG’ANGA,WAMBELE
KIZUMBI,55320,NG’ANGA,BONDE LA UFA
KIZUMBI,55320,NG’ANGA,KILOSA
KIZUMBI,55320,NG’ANGA,MAENDELEO
KIZUMBI,55320,KATENGE,ZIWANI
KIZUMBI,55320,KATENGE,KALONGOSI
KIZUMBI,55320,KATENGE,MWEMBENI
KIZUMBI,55320,KATENGE,USHIRIKA
KIZUMBI,55320,KATENGE,UPENDO
KIZUMBI,55320,KATENGE,KILIMAHEWA
KIZUMBI,55320,NG’UNDWE,MAWENI
KIZUMBI,55320,NG’UNDWE,MAWASILIANO
KIZUMBI,55320,NG’UNDWE,UMOJA
KIZUMBI,55320,NG’UNDWE,TUONANE
KIZUMBI,55320,NG’UNDWE,CHANG’OMBE
KIZUMBI,55320,NG’UNDWE,TUPENDANE
KIZUMBI,55320,NG’UNDWE,SAMAHANI
KIZUMBI,55320,NG’UNDWE,SIACHI
KIZUMBI,55320,NG’UNDWE,MATOPENI
KIZUMBI,55320,NG’UNDWE,TUPOKEZANE
MKINGA,55321,MKINGA,NGOZA
MKINGA,55321,MKINGA,FYELA
MKINGA,55321,MKINGA,KISINGA
MKINGA,55321,MKINGA,MKINGA
MKINGA,55321,MAJENGO MAPYA,MTICHUMA
MKINGA,55321,MAJENGO MAPYA,MWEMBENI
MKINGA,55321,MAJENGO MAPYA,KATALE
MKINGA,55321,MAJENGO MAPYA,MCHANGANI
MKINGA,55321,KALUNGU,KALUNGU
MKINGA,55321,KALUNGU,MWEMBENI
MKINGA,55321,KALUNGU,KIVULINI
MKINGA,55321,KALUNGU,NAFYANGO
MKINGA,55321,NTANGANYIKA,NAKOMBO
MKINGA,55321,NTANGANYIKA,MCHANGANI
MKINGA,55321,NTANGANYIKA,UNWE
MKINGA,55321,NTANGANYIKA,FILE
MKINGA,55321,UHURU,ISITWA
MKINGA,55321,UHURU,MANDAULWILE
MKINGA,55321,UHURU,LUPITA
MKINGA,55321,UHURU,ITOMPE
MAJENGO,55322,UHURU,SOKO KUU
MAJENGO,55322,UHURU,NAKAMBILI
MAJENGO,55322,UHURU,KALANDA
MAJENGO,55322,UHURU,KATUKA
MAJENGO,55322,UHURU,MTUNDA
MAJENGO,55322,UHURU,KATOA
MAJENGO,55322,UHURU,KAFWIKO
MAJENGO,55322,UHURU,TILININTA
MAJENGO,55322,UHURU,LUNYALA
ISUNTA,55323,ISUNTA,JUU MPAKANI
ISUNTA,55323,ISUNTA,KASKAZINI
ISUNTA,55323,ISUNTA,SHULENI
ISUNTA,55323,ISUNTA,PENTEKOSTE
ISUNTA,55323,ISUNTA,KUSINI KATI
ISUNTA,55323,ISUNTA,MZALENDO
ISUNTA,55323,ISUNTA,UTULIVU
ISUNTA,55323,ISUNTA,MKEREKETWA
ISUNTA,55323,ISUNTA,KIVUKONI
ISUNTA,55323,ISUNTA,AMANI
KIPINDU,55324,KIPINDU,MKEREKETWA
KIPINDU,55324,KIPINDU,UWANJA WA NDEGE
KIPINDU,55324,KIPINDU,MAENDELEO
KIPINDU,55324,KIPINDU,UHURU
KIPINDU,55324,KIPINDU,KAWAWA
KIPINDU,55324,KIPINDU,MIGOMBANI
KIPINDU,55324,KIPINDU,KAMBARAGE
KIPINDU,55324,KIPINDU,MWONGOZO
KIPINDU,55324,KIPINDU,AZIMIO
KIPINDU,55324,KIPINDU,KIPUNDUKATI
KIPINDU,55324,KIPINDU,MAPAMBANO
KIPINDU,55324,KIPINDU,MISUNKUMILO
KIPINDU,55324,KIPINDU,KAKOMA
KIPINDU,55324,KIPINDU,MLUNGUSI
KIPINDU,55324,KIPINDU,KAMIUNGO
KIPINDU,55324,KIPINDU,MALEKELA
NTATUMBILA,55325,NTATUMBILA,MTOSI
NTATUMBILA,55325,NTATUMBILA,KISUMBA
NTATUMBILA,55325,NTATUMBILA,MANG'O
NTATUMBILA,55325,NTATUMBILA,KISALA
NTATUMBILA,55325,NTATUMBILA,KAKOMA
NTATUMBILA,55325,NTATUMBILA,KASEMBE
NTATUMBILA,55325,NTATUMBILA,KAMCHELE
NTATUMBILA,55325,NTATUMBILA,KELA
NTATUMBILA,55325,NTATUMBILA,CHEUKA
NTATUMBILA,55325,NTATUMBILA,CCM BAANI
NTATUMBILA,55325,NTATUMBILA,MANG'O
NTATUMBILA,55325,NTATUMBILA,KISALA
MASHETE,55326,MASHETE,MIOMBO
MASHETE,55326,MASHETE,MASHETE
MASHETE,55326,MASHETE,MASHETE B
PARAMAWE,55327,PARAMAWE,PARAMAWE
PARAMAWE,55327,PARAMAWE,PARAMAWE B
PARAMAWE,55327,PARAMAWE,KIZI
PARAMAWE,55327,PARAMAWE,LYAZUMBI
ISALE ASILIA,55328,ISALE ASILIA,ISALE
ISALE ASILIA,55328,ISALE ASILIA,ISALE B
ISALE ASILIA,55328,ISALE ASILIA,MSILIHOFU
ISALE ASILIA,55328,ISALE ASILIA,MTAPENDA
ITETE,55329,ITETE,NG'OMBENSAZI
ITETE,55329,ITETE,TAMANGA KISIA
ITETE,55329,ITETE,ITETE KANISANI
ITETE,55329,ITETE,MREMBWE
ITETE,55329,ITETE,SOKOSO
ITETE,55329,ITETE,MAKOBA A
ITETE,55329,ITETE,MAKOBA B
ITETE,55329,ITETE,KASELENGE
ITETE,55329,ITETE,MABATINI
ITETE,55329,CHONGOKATETE,ITETE B
ITETE,55329,CHONGOKATETE,MSWA
ITETE,55329,CHONGOKATETE,KALOLI
ITETE,55329,CHONGOKATETE,SUMBWA
ITETE,55329,CHONGOKATETE,MREMBWE MJINI
ITETE,55329,CHONGOKATETE,MREMBWE SHAMBANI
ITETE,55329,CHONGOKATETE,KASOLA
ITETE,55329,CHONGOKATETE,CHONGO
ITETE,55329,ISASA,KASAPA
ITETE,55329,ISASA,KATAMBO
ITETE,55329,ISASA,ISASA
ITETE,55329,ISASA,HOTELINI
ITETE,55329,SHAURIMOYO,MWATUSEMA
ITETE,55329,SHAURIMOYO,MATOPENI
ITETE,55329,SHAURIMOYO,CHANJI
ITETE,55329,SHAURIMOYO,JITAZAME
ITETE,55329,SHAURIMOYO,BAGAMOYO
ITETE,55329,SHAURIMOYO,MMOJA
MATAI,55401,"MATAI  ASILIA""A""",KINDUMBA
MATAI,55401,"MATAI  ASILIA""A""",MATAI ASILI
MATAI,55401,"MATAI  ASILIA""A""",KATANDALA
MATAI,55401,"MATAI  ASILIA""A""",KATANDA
MATAI,55401,"MATAI  ASILIA""A""",MATAI
MATAI,55401,MIKONKO,KIPOLO
MATAI,55401,MIKONKO,IGALULA
MATAI,55401,MIKONKO,KASAMVU
MATAI,55401,MIKONKO,KILESHA
MATAI,55401,MIKONKO,MULO
MATAI,55401,KISUNGAMILE,KISUNGAMILE
MATAI,55401,KISUNGAMILE,MALOLWA
MATAI,55401,KATEKA,KATEKA
MATAI,55401,KATEKA,KATEMBO
MATAI,55401,KATEKA,MHAME
MATAI,55401,KATEKA,KATANDALA
MATAI,55401,KATEKA,MITENDE
MKALI,55402,KIZOMBWE,KASEKELA
MKALI,55402,KIZOMBWE,CHISITU
MKALI,55402,KIZOMBWE,IPATALAWE
MKALI,55402,KIZOMBWE,KISAKALAWE
MKALI,55402,KIZOMBWE,KAKOMA
MKALI,55402,KIZOMBWE,MISUNKUMILO
MKALI,55402,KIZOMBWE,MWONGOZO
MKALI,55402,KALALASI,KAMALUNGU
MKALI,55402,KALALASI,LAMBONI
MKALI,55402,KALALASI,ILEGEZA
MKALI,55402,KALALASI,SENGA
MKALI,55402,KALALASI,MUMBWE
MKALI,55402,KALALASI,CHEMICHEM
MKALI,55402,MYUNGA,MAGOMENI
MKALI,55402,MYUNGA,MTAKUJA
MKALI,55402,MYUNGA,ILAMBWA
MKALI,55402,MPANZI,KITENZI
MKALI,55402,MPANZI,KAMBIALA
MKALI,55402,MPANZI,ISUMIKA
MNAMBA,55403,MNAMBA,NDUNDUNDU
MNAMBA,55403,MNAMBA,KALUNGU
MNAMBA,55403,KANTALEMWA,MWANDIZO
MNAMBA,55403,KANTALEMWA,MWAYA
MNAMBA,55403,KANTALEMWA,MCHENJA
MNAMBA,55403,LUSE,LUSE
MNAMBA,55403,LUSE,CHUNYA
MNAMBA,55403,LUSE,KAZILA
MNAMBA,55403,LUSE,MAEKA
MNAMBA,55403,MTULA,MTULA
MNAMBA,55403,MTULA,MSONGWE
MNAMBA,55403,MTULA,CHIZI
MNAMBA,55403,MSIPAZI,NKUMBI
MNAMBA,55403,MSIPAZI,WIZANEMBO
MNAMBA,55403,MSIPAZI,MIPATA
MNAMBA,55403,MSIPAZI,KAZUMBI
MSANZI,55404,MSANZI,MSANZI KATI
MSANZI,55404,MSANZI,MAEKANI
MSANZI,55404,MSANZI,MWEGULO
MSANZI,55404,MSANZI,KATETE
MSANZI,55404,KAMBIALA,KAMBIALA
MSANZI,55404,KAMBIALA,KAPANGA
MSANZI,55404,KAMBIALA,MANTAPWA
MSANZI,55404,KAMBIALA,KAVILA
MSANZI,55404,KAMBIALA,MALANGALIZO
MSANZI,55404,NACHULA,ONE
MSANZI,55404,NACHULA,KAMINYA
MSANZI,55404,NACHULA,MISUKU
MSANZI,55404,NACHULA,NACHULA
MSANZI,55404,NACHULA,LUPOFWE
MSANZI,55404,KATUKA,KAMATWA
MSANZI,55404,KATUKA,KANYALAKATA
MSANZI,55404,KATUKA,KATUKA
MSANZI,55404,KATUKA,MALANGALI
MKOWE,55405,MKOWE,SHELEMKA
MKOWE,55405,MKOWE,USEVYA
MKOWE,55405,MKOWE,MKOWE KATI
MKOWE,55405,MKOWE,CHITONTO
MKOWE,55405,MKOWE,KATANDALA
MKOWE,55405,MKOWE,KAPAMBA
MKOWE,55405,MBUZA,TUNZI
MKOWE,55405,MBUZA,KATANDALA
MKOWE,55405,MBUZA,CHALIMBANA
MKOWE,55405,KATAPULO,KASOLA
MKOWE,55405,KATAPULO,LEMBELEMBE
MKOWE,55405,KATAPULO,KATAPULO
MKOWE,55405,SENGAKALONJE,SENGA
MKOWE,55405,ILIMBA,MAJENGO
MKOWE,55405,ILIMBA,KOTOLA
MKOWE,55405,ILIMBA,JENGENI
MKOWE,55405,ILIMBA,MUNWA
KASANGA,55406,MUZI,MWENYA
KASANGA,55406,MUZI,MOLWE
KASANGA,55406,MUZI,CHANZA
KASANGA,55406,MUZI,KASENGA
KASANGA,55406,MUZI,KATAI
KASANGA,55406,KASANGA,MNG'OMBA
KASANGA,55406,KASANGA,KITIKA
KASANGA,55406,KASANGA,KISWAHILINI
KASANGA,55406,KASANGA,LUSAMBO
KASANGA,55406,KASANGA,SONGAMBELE
KASANGA,55406,KAPELE,ZAYONI
KASANGA,55406,KAPELE,KAPELE
KASANGA,55406,KAPELE,MABATINI
KASANGA,55406,KAPELE,KASISI
KASANGA,55406,KAPELE,KANTALAMBA
KASANGA,55406,KAPELE,MCHANGANI
KASANGA,55406,KILEWANI,KILEWANI
KASANGA,55406,KILEWANI,MCHANGANI
KASANGA,55406,KILEWANI,KAVUSHA
KASANGA,55406,KILEWANI,KIWANJANI
KASANGA,55406,KILEWANI,VATIKANI
KASANGA,55406,KIPWA,KALAMBO
KASANGA,55406,KIPWA,NIMWINA
KASANGA,55406,KIPWA,MAJENGO
KASANGA,55406,KIPWA,CHANZA
KATAZI,55408,KATAZI,WALA
KATAZI,55408,KATAZI,KATANGAZI
KATAZI,55408,KATAZI,NDUZA KATI
KATAZI,55408,KATAZI,MAKONGOROSI
KATAZI,55408,KATAZI,KASAKALAWE
KATAZI,55408,NINGA,MTULA
KATAZI,55408,NINGA,NINGA KATI
KATAZI,55408,NINGA,NKANGA
KATAZI,55408,NINGA,NSENGA
KATAZI,55408,NINGA,KAMUNGU
KATAZI,55408,NINGA,MBULI
KATAZI,55408,MWAYA,MVWANZU
KATAZI,55408,MWAYA,TEWETA
KATAZI,55408,MWAYA,MWAYA
KATAZI,55408,MVULA,MVULA
KATAZI,55408,MVULA,MKUTANO
KATAZI,55408,MVULA,MADEBE
MWAZYE,55409,KAZILA,ITALA
MWAZYE,55409,KAZILA,KALEMBA
MWAZYE,55409,KAZILA,MALANGALI
MWAZYE,55409,KAZILA,NSANGU
MWAZYE,55409,MPENJE,LINGAMILA
MWAZYE,55409,MPENJE,MALANGALI
MWAZYE,55409,MPENJE,MASWEPA
MWAZYE,55409,MPENJE,MPENJE
MWAZYE,55409,MSOMA,SENGELEMA
MWAZYE,55409,MSOMA,WISALE
MWAZYE,55409,MWAZYE,"KAPATA ""C"""
MWAZYE,55409,MWAZYE,KANYALAKATA
MWAZYE,55409,MWAZYE,KITIKA
MWAZYE,55409,MWAZYE,"KAPATA ""A"""
MWAZYE,55409,MWAZYE,"KAPATA ""B"""
MWAZYE,55409,MWAZYE,KILIMAHEWA
MWAZYE,55409,MWAZYE,DODOMA
MWAZYE,55409,MWAZYE,MAITENEKE
MWIMBI,55410,MWIMBI,MAJENGO
MWIMBI,55410,MWIMBI,MWIMBIKATI
MWIMBI,55410,MWIMBI,GALIKUJA
MWIMBI,55410,MWIMBI,GALILAYA
MWIMBI,55410,MWIMBI,TEKA
MWIMBI,55410,MWIMBI,MFENA
MWIMBI,55410,MWIMBI,KAZITE
MWIMBI,55410,MOZI,LUKULU
MWIMBI,55410,MOZI,MASANSA
MWIMBI,55410,MOZI,KASAZI
MWIMBI,55410,ZYANGOMA,CHIKOMA
MWIMBI,55410,ZYANGOMA,KAKOWE
MWIMBI,55410,ZYANGOMA,KABONDE
MWIMBI,55410,MSISHINDWE,KAPALULA
MWIMBI,55410,MSISHINDWE,PONGWE
MWIMBI,55410,MSISHINDWE,INYONGA
MWIMBI,55410,SELENGOMA,CHIKOMA
MWIMBI,55410,SELENGOMA,SELENGOMA
MWIMBI,55410,SELENGOMA,MATWIMA
MWIMBI,55410,MAJENGO,LUMUVU
MWIMBI,55410,MAJENGO,"MAJENGO ""A"""
MWIMBI,55410,MAJENGO,"MAJENGO ""B"""
MWIMBI,55410,CHIPAPA,"CHIPAPA ""A"""
MWIMBI,55410,CHIPAPA,"CHIPAPA ""B"""
MWIMBI,55410,CHIPAPA,CHIPAPA ''C''
MWIMBI,55410,CHIPAPA,IYALI
MWIMBI,55410,CHIPAPA,CHANZA
MWIMBI,55410,CHIPAPA,LUKULU
MAMBWE NKOSWE,55411,KALEMBE,KANGE
MAMBWE NKOSWE,55411,KALEMBE,KATUNDULU
MAMBWE NKOSWE,55411,KALEMBE,MAZIA
MAMBWE NKOSWE,55411,KALEMBE,KALIMILA
MAMBWE NKOSWE,55411,TUNYI,"TUNYI ""A"""
MAMBWE NKOSWE,55411,TUNYI,"TUNYI ""B"""
MAMBWE NKOSWE,55411,TUNYI,MAULU B
MAMBWE NKOSWE,55411,TUNYI,MAULU A
MAMBWE NKOSWE,55411,TUNYI,CHIKU
MAMBWE NKOSWE,55411,UTENGULE,NCHENJE
MAMBWE NKOSWE,55411,UTENGULE,UTENGULE
MAMBWE NKOSWE,55411,UTENGULE,MSHETE
MAMBWE NKOSWE,55411,ILONGA,ILONGA
MAMBWE NKOSWE,55411,ILONGA,KAGWA
MAMBWE NKOSWE,55411,ILONGA,KAMPALA
MAMBWE NKOSWE,55411,MZUNGWA,"MZUNGWA ""A"""
MAMBWE NKOSWE,55411,MZUNGWA,"MZUNGWA ""B"""
MAMBWE NKOSWE,55411,KASUSU,MZUMWA
MAMBWE NKOSWE,55411,KASUSU,KASUSU
MAMBWE NKOSWE,55411,KASUSU,KAMPALA
SOPA,55412,SOPA,TONGA
SOPA,55412,SOPA,SOPA KATI
SOPA,55412,SOPA,KANAWINGA
SOPA,55412,SOPA,KASAMVU
SOPA,55412,SOPA,KAPEWA
SOPA,55412,MTUNTUMBE,MBANGIZYA
SOPA,55412,MTUNTUMBE,NAWAMBO
SOPA,55412,MTUNTUMBE,MBINGILWA
SOPA,55412,MTUNTUMBE,MKUTANO
SOPA,55412,MTUNTUMBE,KAVUSHA
SOPA,55412,MTUNTUMBE,MTUNTUMBE
SOPA,55412,KASITU,KALE
SOPA,55412,KASITU,NYANGU
SOPA,55412,TATANDA,CHIPUNDU
SOPA,55412,TATANDA,TATANDA
SOPA,55412,TATANDA,CHIKANKA
SOPA,55412,TATANDA,KITAMPA
MAMBWE KENYA,55413,KIUNDINAMEMA,NWAYANZWA
MAMBWE KENYA,55413,KIUNDINAMEMA,MIPUTU
MAMBWE KENYA,55413,KIUNDINAMEMA,LUTUMBA
MAMBWE KENYA,55413,KIUNDINAMEMA,NAMEMA
MAMBWE KENYA,55413,KIUNDINAMEMA,MTWANCHE
MAMBWE KENYA,55413,KIUNDINAMEMA,KIUNDI
MAMBWE KENYA,55413,MADIBILA,NYANZWA
MAMBWE KENYA,55413,MADIBILA,ILOLESHA
MAMBWE KENYA,55413,MADIBILA,MADIBILA
MAMBWE KENYA,55413,MADIBILA,MCHESE
MAMBWE KENYA,55413,MADIBILA,KAVUMBO
MAMBWE KENYA,55413,MADIBILA,ISALE
MAMBWE KENYA,55413,KAZOZYA,SUME
MAMBWE KENYA,55413,KAZOZYA,KAZOZYA
MAMBWE KENYA,55413,KAZOZYA,MALAMUSU
MAMBWE KENYA,55413,MPANGA,MFWEMO
MAMBWE KENYA,55413,MPANGA,CHOSA
MAMBWE KENYA,55413,MPANGA,LUNDA
MAMBWE KENYA,55413,MPANGA,KAMBALA
MAMBWE KENYA,55413,MPANGA,KAMISUKU
MAMBWE KENYA,55413,MPANGA,CHESA
MAMBWE KENYA,55413,MPANGA,KASA
MAMBWE KENYA,55413,MPANGA,KAMISUKU B
MAMBWE KENYA,55413,MAMBWEKENYA,KILOSA
MAMBWE KENYA,55413,MAMBWEKENYA,KIKONDE
MAMBWE KENYA,55413,MAMBWEKENYA,MAMBWEKENYA
MAMBWE KENYA,55413,MAMBWEKENYA,KALOZYA
LEGEZAMWENDO,55414,LEGEZAMWENDO,LEGEZA MWENDO
LEGEZAMWENDO,55414,LEGEZAMWENDO,CHONDO
LEGEZAMWENDO,55414,LEGEZAMWENDO,MKAMBAKU
LEGEZAMWENDO,55414,LEGEZAMWENDO,LEGEZA MWENDO B
LEGEZAMWENDO,55414,LEGEZAMWENDO,LUANDA
LEGEZAMWENDO,55414,MKOMBO,"CHULASITU ""A"""
LEGEZAMWENDO,55414,MKOMBO,"CHULASTU ""B"""
LEGEZAMWENDO,55414,MKOMBO,MKOMBO
LEGEZAMWENDO,55414,MKOMBO,MSANZI
LEGEZAMWENDO,55414,MKOMBO,KINAMBO
LEGEZAMWENDO,55414,MOMBO,CHANJI
LEGEZAMWENDO,55414,MOMBO,UZUMBWA
LEGEZAMWENDO,55414,MOMBO,MASHETE
LEGEZAMWENDO,55414,MOMBO,MAJENGO
LEGEZAMWENDO,55414,MOMBO,KAKU
LEGEZAMWENDO,55414,MOMBO,MOMBOKAKU
LEGEZAMWENDO,55414,MLENJE,VWAWA
LEGEZAMWENDO,55414,MLENJE,UHURU
LEGEZAMWENDO,55414,MLENJE,KAWEZYA
KATETE,55415,KATETE,MUMBO
KATETE,55415,KATETE,KATETE
KATETE,55415,KATETE,CHESA
KATETE,55415,KATETE,MWENELUNGU
KATETE,55415,KATETE,MAZYAI
KATETE,55415,KATETE,KASESYA
KATETE,55415,SAFU,KAYENDE
KATETE,55415,SAFU,SAFU
KATETE,55415,SAFU,MWELA
KATETE,55415,SAFU,ISENGA
KATETE,55415,SAFU,MLAMBWALILI
KATETE,55415,NGOMA,KAMBOLE
KATETE,55415,NGOMA,NGOMA
KATETE,55415,NGOMA,NACHIPEPE
KATETE,55415,KALUKO,KALUKO
KATETE,55415,KALUKO,MAKAYE
KATETE,55415,KALUKO,MUNZA
KATETE,55415,KALUKO,CHITO
KATETE,55415,JENGENI,CHINA
KATETE,55415,JENGENI,CHITWAZI
KATETE,55415,JENGENI,JENGENI
KISUMBA,55416,KISUMBA,KISUMBA
KISUMBA,55416,KISUMBA,KAMCHINGA
KISUMBA,55416,KISUMBA,KAWALA
KISUMBA,55416,KISUMBA,CHIPOTE
KISUMBA,55416,KACHELE,NYIMBA
KISUMBA,55416,KACHELE,CHUMA
KISUMBA,55416,KACHELE,KACHELE
KISUMBA,55416,KAFUKOKA,KAFUKOKA
KISUMBA,55416,KAFUKOKA,NCHESE
KISUMBA,55416,KAFUKOKA,LWANJI
KISUMBA,55416,CHISENGA,MAWENI
KISUMBA,55416,CHISENGA,CHIYO
KISUMBA,55416,CHISENGA,MTALUKE
KISUMBA,55416,CHISENGA,CHAPONDWE
KISUMBA,55416,KASOTE,KAMIKULO
KISUMBA,55416,KASOTE,MIAKASI
KISUMBA,55416,KASOTE,KATUNDA
KISUMBA,55416,KASOTE,MAJENGO
ULUMI,55417,"ULUMI ""A""",ULAYA
ULUMI,55417,"ULUMI ""A""",UZUMBULA
ULUMI,55417,"ULUMI ""A""",AMERIKA
ULUMI,55417,"ULUMI ""A""",CHILUPU
ULUMI,55417,"ULUMI ""A""",YANJE
ULUMI,55417,ULUMI ''B'',NSUNGU
ULUMI,55417,ULUMI ''B'',KAWALA
ULUMI,55417,ULUMI ''B'',ULUMI ''B''
ULUMI,55417,ULUMI ''B'',CHILUPU
ULUMI,55417,MNAZI,CHANKA
ULUMI,55417,MNAZI,CHILAMBO
ULUMI,55417,KALE,TANGA
ULUMI,55417,KALE,KALE
ULUMI,55417,KALE,MULA
ULUMI,55417,"KALEPULA ""A""",MSEME
ULUMI,55417,"KALEPULA ""A""",IMALAMUSU
ULUMI,55417,"KALEPULA ""A""",MFULILA
ULUMI,55417,"KALEPULA ""A""",KASELA
ULUMI,55417,"KALEPULA ""A""",MIGOMBA
ULUMI,55417,"KALEPULA ""B""",CHITWAKA
ULUMI,55417,"KALEPULA ""B""",ITOCHI
ULUMI,55417,"KALEPULA ""B""",LOLESHA
ULUMI,55417,"KALEPULA ""B""",ILAMBILAMFUZI
ULUMI,55417,"KALEPULA ""B""",SAZA
SAMAZI,55418,KIPANGA,MBITA
SAMAZI,55418,KIPANGA,MSENKELE
SAMAZI,55418,KIPANGA,MAJENGO
SAMAZI,55418,KIPANGA,KACHOMA
SAMAZI,55418,KATILI,KATILI
SAMAZI,55418,KATILI,NZAILO
SAMAZI,55418,KATILI,NGWENYA
SAMAZI,55418,SAMAZI,SAMAZI
SAMAZI,55418,SAMAZI,ILEMELA
SAMAZI,55418,SAMAZI,SENJE
SAMAZI,55418,KISALA,KISALA
SAMAZI,55418,KISALA,KALEPA
SAMAZI,55418,KISALA,MUYAKASI
SAMAZI,55418,KISALA,MKWAVI
MPOMBWE,55419,MPOMBWE,"MPOMBWE""A"""
MPOMBWE,55419,MPOMBWE,KAMKOLWE
MPOMBWE,55419,MPOMBWE,KATINDIZI
MPOMBWE,55419,MPOMBWE,KASOKO
MPOMBWE,55419,MPOMBWE,KASAKALAWE
MPOMBWE,55419,"MPOMBWE ""B""","MPOMBWE""B"""
MPOMBWE,55419,"MPOMBWE ""B""",CHEMCHEMI
MPOMBWE,55419,"MPOMBWE ""B""",KAMONONYE
MPOMBWE,55419,"MPOMBWE ""B""",SIMWELA
MPOMBWE,55419,KAPOZWA,KAPOZWA
MPOMBWE,55419,KAPOZWA,CHAPTUKA
MPOMBWE,55419,KAPOZWA,KIBAONI
MPOMBWE,55419,KAPOZWA,MBWILO
MPOMBWE,55419,KALAMBO,MAJENGO
MPOMBWE,55419,KALAMBO,KALAMBO
MPOMBWE,55419,KALAMBO,MKAMBA
MPOMBWE,55419,KALAMBO,MANDA
MPOMBWE,55419,NGOROTWA,"NGOROTWA ""A"""
MPOMBWE,55419,NGOROTWA,"NGOROTWA ""B"""
MPOMBWE,55419,NGOROTWA,KAWALA
MPOMBWE,55419,NONDO,VYULA
MPOMBWE,55419,NONDO,KAMLESHE
MPOMBWE,55419,NONDO,NONDO
MPOMBWE,55419,NONDO,KALAMBO
LYOWA,55420,SINGIWE,MFUKANDA
LYOWA,55420,SINGIWE,KATUWA
LYOWA,55420,SINGIWE,NAMBU
LYOWA,55420,CHALAMINWE,NAMBWA
LYOWA,55420,CHALAMINWE,MASEWE
LYOWA,55420,CHALAMINWE,CHALAMINWE
LYOWA,55420,SANTAMARIA,KILEWANI
LYOWA,55420,SANTAMARIA,SANTA
LYOWA,55420,SANTAMARIA,ISEVYA
LYOWA,55420,KELENI,JERUSALEMU
LYOWA,55420,KELENI,KELENI
LYOWA,55420,KELENI,CHIMILANGWI
LYOWA,55420,MATAI B,MLUNJI
LYOWA,55420,MATAI B,IMBO
LYOWA,55420,MATAI B,MATWAZI
LYOWA,55420,NAMLANGWA,LYOWA
LYOWA,55420,NAMLANGWA,KASISIWE
LYOWA,55420,NAMLANGWA,NAMLANGWA
MBULUMA,55421,MBULUMA,KILEWA
MBULUMA,55421,MBULUMA,CHAMWUNO
MBULUMA,55421,MBULUMA,MBULUMA KATI
MBULUMA,55421,MBULUMA,KALULU
MBULUMA,55421,KALEMASHA,KAPUTUKE
MBULUMA,55421,KALEMASHA,KALOMBWE
MBULUMA,55421,KALEMASHA,MAKAZI MAPYA
MBULUMA,55421,KALEMASHA,TUPIKE
MBULUMA,55421,KALEMASHA,KALEMASHA KATI
MBULUMA,55421,KALEMASHA,KATECHA
MBULUMA,55421,MAO,KASUNGA
MBULUMA,55421,MAO,IYUNGA
MBULUMA,55421,MAO,MAO KATI
MBULUMA,55421,MAO,MKUYUNI
MBULUMA,55421,KANYALAKATA,NACHILUNGA
MBULUMA,55421,KANYALAKATA,MINYELA
MBULUMA,55421,KANYALAKATA,KANYALAKATA
MBULUMA,55421,KANYALAKATA,KAWALA
MBULUMA,55421,LOLESHA,NAMWAVI
MBULUMA,55421,LOLESHA,LOLESHA
MBULUMA,55421,LOLESHA,KALEMASHA
SUNDU,55422,KALAELA,KATANDE
SUNDU,55422,KALAELA,KALAELA
SUNDU,55422,KALAELA,KAFOMBWA
SUNDU,55422,KALAELA,CHUMU
SUNDU,55422,ILAMBILA,NKOZI
SUNDU,55422,ILAMBILA,ILAMBILA
SUNDU,55422,ILAMBILA,MLWAZI
SUNDU,55422,ILAMBILA,ISUNUKA
SUNDU,55422,KAMAWE,KITUVYA
SUNDU,55422,KAMAWE,KAMAWE
SUNDU,55422,KAMAWE,KAMUKU
KANYEZI,55423,KANYEZI,KANYEZI KATI
KANYEZI,55423,KANYEZI,CHIKWALA
KANYEZI,55423,KANYEZI,KAMISUKU
KANYEZI,55423,MAJENGO,MATIMBA
KANYEZI,55423,MAJENGO,MAJENGO
KANYEZI,55423,MAJENGO,NAMKONDA
KANYEZI,55423,CHALATILA,MWAMA
KANYEZI,55423,CHALATILA,KAZOVWE
KANYEZI,55423,CHALATILA,CHALATILA
KANYEZI,55423,CHALATILA,NKAKO
KANYEZI,55423,CHISAMBO,MTULA
KANYEZI,55423,CHISAMBO,CHISAMBO
KANYEZI,55423,KAFUKULA,KAPATU
KANYEZI,55423,KAFUKULA,KAFUKULA
KANYEZI,55423,KAFUKULA,NTAKOMOLWA
KILESHA,55424,KILESHA,KILESHA
KILESHA,55424,KILESHA,KAKOMA
KILESHA,55424,KAMBO,MILAZA
KILESHA,55424,KAMBO,KILAMBO
KILESHA,55424,KAMBO,KALOLENI
KILESHA,55424,ITEKESHA,MADEBE
KILESHA,55424,ITEKESHA,KAGERA
KILESHA,55424,ITEKESHA,ITEKESHA
KILESHA,55424,ITEKESHA,SEKETA
KILESHA,55424,ITEKESHA,MIZUMBI
KILESHA,55424,ILANGO,KAMBALILE
KILESHA,55424,ILANGO,KASA
KILESHA,55424,KIFONE,LEMI
KILESHA,55424,KIFONE,NSUNDU
KILESHA,55424,KIFONE,KIFONE
